FifaIndex,short_name,competition,club,games_played,goals,assists,minutes
4,L. Messi,LaLiga,FC Barcelona,7,1,0,75
4,L. Messi,Champions League,FC Barcelona,1,0,0,90
4,L. Messi,Copa del Rey,FC Barcelona,1,0,0,73
5,L. Messi,Champions League,FC Barcelona,6,1,2,322
5,L. Messi,LaLiga,FC Barcelona,17,6,2,912
5,L. Messi,Copa del Rey,FC Barcelona,2,1,1,180
6,L. Messi,LaLiga,FC Barcelona,26,14,2,"2,001"
6,L. Messi,Copa del Rey,FC Barcelona,2,2,1,166
6,L. Messi,Champions League,FC Barcelona,5,1,0,385
6,L. Messi,UEFA Super Cup,FC Barcelona,1,0,0,90
6,L. Messi,Supercopa,FC Barcelona,2,0,0,121
7,L. Messi,LaLiga,FC Barcelona,28,10,14,2003
7,L. Messi,Champions League,FC Barcelona,9,6,2,726
7,L. Messi,Copa del Rey,FC Barcelona,3,0,0,225
8,L. Messi,Champions League,FC Barcelona,12,9,5,927
8,L. Messi,Copa del Rey,FC Barcelona,8,6,1,450
8,L. Messi,LaLiga,FC Barcelona,31,23,13,"2,513"
9,L. Messi,LaLiga,FC Barcelona,35,34,11,"2,840"
9,L. Messi,Champions League,FC Barcelona,11,8,0,986
9,L. Messi,Copa del Rey,FC Barcelona,3,1,0,209
9,L. Messi,FIFA Club World Cup,FC Barcelona,2,2,0,157
9,L. Messi,UEFA Super Cup,FC Barcelona,1,0,1,120
9,L. Messi,Supercopa,FC Barcelona,1,2,0,90
10,L. Messi,Champions League,FC Barcelona,13,12,4,"1,048"
10,L. Messi,LaLiga,FC Barcelona,33,31,19,"2,861"
10,L. Messi,Copa del Rey,FC Barcelona,7,7,2,542
10,L. Messi,Supercopa,FC Barcelona,2,3,0,128
11,L. Messi,Copa del Rey,FC Barcelona,7,3,4,512
11,L. Messi,LaLiga,FC Barcelona,37,50,20,"3,269"
11,L. Messi,Champions League,FC Barcelona,11,14,6,990
11,L. Messi,FIFA Club World Cup,FC Barcelona,2,2,1,180
11,L. Messi,UEFA Super Cup,FC Barcelona,1,1,1,90
11,L. Messi,Supercopa,FC Barcelona,2,3,2,180
12,L. Messi,LaLiga,FC Barcelona,32,46,13,"2,626"
12,L. Messi,Champions League,FC Barcelona,11,8,3,821
12,L. Messi,Copa del Rey,FC Barcelona,5,4,1,443
12,L. Messi,Supercopa,FC Barcelona,2,2,0,180
13,L. Messi,LaLiga,FC Barcelona,31,28,13,"2,501"
13,L. Messi,Copa del Rey,FC Barcelona,6,5,3,476
13,L. Messi,Champions League,FC Barcelona,7,8,0,630
13,L. Messi,Supercopa,FC Barcelona,2,0,0,135
14,L. Messi,Champions League,FC Barcelona,13,10,6,"1,146"
14,L. Messi,Copa del Rey,FC Barcelona,6,5,4,540
14,L. Messi,LaLiga,FC Barcelona,38,43,21,"3,374"
15,L. Messi,Copa del Rey,FC Barcelona,5,5,6,480
15,L. Messi,LaLiga,FC Barcelona,33,26,16,"2,729"
15,L. Messi,Champions League,FC Barcelona,7,6,1,630
15,L. Messi,FIFA Club World Cup,FC Barcelona,1,1,0,90
15,L. Messi,Supercopa,FC Barcelona,2,1,0,180
15,L. Messi,UEFA Super Cup,FC Barcelona,1,2,1,120
16,L. Messi,Copa del Rey,FC Barcelona,7,5,4,630
16,L. Messi,LaLiga,FC Barcelona,34,37,12,"2,832"
16,L. Messi,Champions League,FC Barcelona,9,11,2,810
16,L. Messi,Supercopa,FC Barcelona,2,1,2,180
17,L. Messi,LaLiga,FC Barcelona,36,34,14,"2,996"
17,L. Messi,Copa del Rey,FC Barcelona,6,4,4,509
17,L. Messi,Champions League,FC Barcelona,10,6,2,783
17,L. Messi,Supercopa,FC Barcelona,2,1,0,180
18,L. Messi,Copa del Rey,FC Barcelona,5,3,3,387
18,L. Messi,LaLiga,FC Barcelona,34,36,14,"2,709"
18,L. Messi,Champions League,FC Barcelona,10,12,3,837
18,L. Messi,Supercopa,FC Barcelona,1,0,2,90
19,L. Messi,Champions League,FC Barcelona,8,3,4,661
19,L. Messi,LaLiga,FC Barcelona,33,25,2,"2,879"
19,L. Messi,Copa del Rey,FC Barcelona,2,2,1,180
19,L. Messi,Supercopa,FC Barcelona,1,1,0,90
20,L. Messi,LaLiga,FC Barcelona,35,30,11,"3,022"
20,L. Messi,Copa del Rey,FC Barcelona,5,3,1,510
20,L. Messi,Champions League,FC Barcelona,6,5,2,540
20,L. Messi,Supercopa,FC Barcelona,1,0,0,120
7,Kim Tae-yoon,K League 1,Seongnam Football Club,3,0,0,0
8,Kim Tae-yoon,K League 1,Gwangju Sangmu,28,0,0,0
9,Kim Tae-yoon,K League 1,Gwangju Sangmu,20,0,0,0
9,Kim Tae-yoon,K League 1,Seongnam Ilhwa,2,0,0,0
10,Kim Tae-yoon,K League 1,Seongnam Ilhwa,10,0,0,0
11,Kim Tae-yoon,K League 1,Seongnam Ilhwa,33,0,0,0
21,D. Buonanotte,Primera Division,CD Universidad Católica,8,1,0,240
21,D. Buonanotte,Libertadores,CD Universidad Católica,3,0,0,88
20,D. Buonanotte,Supercopa de Chile,CD Universidad Católica,0,0,0,0
20,D. Buonanotte,Primera Division,CD Universidad Católica,24,0,8,"1,341"
20,D. Buonanotte,Copa Sudamericana,CD Universidad Católica,4,1,1,191
20,D. Buonanotte,Libertadores,CD Universidad Católica,3,0,0,43
19,D. Buonanotte,Primera Division,CD Universidad Católica,21,2,0,929
19,D. Buonanotte,Copa Sudamericana,CD Universidad Católica,2,0,0,125
19,D. Buonanotte,Libertadores,CD Universidad Católica,2,0,0,40
19,D. Buonanotte,Supercopa de Chile,CD Universidad Católica,1,1,1,16
18,D. Buonanotte,Primera Division,CD Universidad Católica,26,7,2,"2,284"
17,D. Buonanotte,Torneo Transición,CD Universidad Católica,10,4,1,894
17,D. Buonanotte,Supercopa de Chile,CD Universidad Católica,1,0,0,90
16,D. Buonanotte,Primera Division,CD Universidad Católica,14,3,3,"1,076"
17,D. Buonanotte,Libertadores,CD Universidad Católica,6,1,4,540
16,D. Buonanotte,Primera Division,CD Universidad Católica,13,8,3,951
16,D. Buonanotte,Supercopa de Chile,CD Universidad Católica,1,0,1,84
16,D. Buonanotte,Copa Sudamericana,CD Universidad Católica,2,0,1,180
15,D. Buonanotte,SL play-off,AEK Athens,3,0,0,135
15,D. Buonanotte,Kypello Elladas,AEK Athens,8,5,0,524
15,D. Buonanotte,Super League,AEK Athens,24,6,0,"1,059"
14,D. Buonanotte,Primera Division,Quilmes Atlético Club,12,1,0,786
14,D. Buonanotte,Liga MX Clausura,CF Pachuca,2,0,0,165
14,D. Buonanotte,Liguilla Apertura,CF Pachuca,2,0,0,58
14,D. Buonanotte,Liga MX Apertura,CF Pachuca,9,0,1,401
14,D. Buonanotte,CONCACAF CL,CF Pachuca,1,1,1,68
13,D. Buonanotte,LaLiga,Granada CF.,24,0,1,"1,037"
13,D. Buonanotte,Copa del Rey,Granada CF.,1,0,0,55
12,D. Buonanotte,LaLiga,Granada CF.,15,1,1,589
12,D. Buonanotte,Copa del Rey,Málaga CF,5,2,2,427
12,D. Buonanotte,LaLiga,Málaga CF,9,1,3,247
12,D. Buonanotte,Champions League,Málaga CF,2,1,1,180
12,D. Buonanotte,CL qual,Málaga CF,1,0,0,20
11,D. Buonanotte,LaLiga,Málaga CF,10,0,0,363
11,D. Buonanotte,Copa del Rey,Málaga CF,4,1,0,91
10,D. Buonanotte,Torneo Final,Club Atlético River Plate,11,0,1,434
10,D. Buonanotte,Torneo Inicial,Club Atlético River Plate,15,2,1,782
9,D. Buonanotte,Torneo Final,Club Atlético River Plate,5,1,0,156
9,D. Buonanotte,Torneo Inicial,Club Atlético River Plate,18,8,4,"1,512"
9,D. Buonanotte,Copa Sudamericana,Club Atlético River Plate,2,0,0,180
8,D. Buonanotte,Torneo Final,Club Atlético River Plate,17,2,2,"1,264"
9,D. Buonanotte,Libertadores,Club Atlético River Plate,3,1,0,173
8,D. Buonanotte,Torneo Inicial,Club Atlético River Plate,13,1,0,931
8,D. Buonanotte,Copa Sudamericana,Club Atlético River Plate,4,0,1,321
7,D. Buonanotte,Torneo Final,Club Atlético River Plate,17,9,2,"1,186"
8,D. Buonanotte,Libertadores,Club Atlético River Plate,6,0,1,296
7,D. Buonanotte,Torneo Inicial,Club Atlético River Plate,8,2,1,521
7,D. Buonanotte,Copa Sudamericana,Club Atlético River Plate,2,0,0,93
5,D. Buonanotte,Torneo Final,Club Atlético River Plate,1,0,0,8
21,De Marcos,LaLiga,Athletic Bilbao,1,0,0,52
20,De Marcos,LaLiga,Athletic Bilbao,25,1,2,"1,518"
20,De Marcos,Copa del Rey,Athletic Bilbao,4,0,0,405
20,De Marcos,Supercopa,Athletic Bilbao,2,1,0,210
19,De Marcos,Copa del Rey,Athletic Bilbao,1,0,0,90
19,De Marcos,LaLiga,Athletic Bilbao,13,0,2,538
18,De Marcos,LaLiga,Athletic Bilbao,30,1,2,"2,427"
18,De Marcos,Copa del Rey,Athletic Bilbao,4,0,1,223
17,De Marcos,LaLiga,Athletic Bilbao,21,1,4,"1,663"
17,De Marcos,Europe League,Athletic Bilbao,4,0,0,360
17,De Marcos,Europa League Quali,Athletic Bilbao,3,1,1,270
16,De Marcos,LaLiga,Athletic Bilbao,27,1,4,"2,149"
16,De Marcos,Europe League,Athletic Bilbao,5,0,0,439
15,De Marcos,LaLiga,Athletic Bilbao,34,1,3,"2,886"
15,De Marcos,Europe League,Athletic Bilbao,9,0,1,777
15,De Marcos,Copa del Rey,Athletic Bilbao,5,1,0,363
15,De Marcos,Europa League Quali,Athletic Bilbao,4,0,1,278
15,De Marcos,Supercopa,Athletic Bilbao,2,0,0,180
14,De Marcos,LaLiga,Athletic Bilbao,35,1,4,"2,951"
14,De Marcos,Copa del Rey,Athletic Bilbao,7,0,1,611
14,De Marcos,Europe League,Athletic Bilbao,2,1,0,180
14,De Marcos,Champions League,Athletic Bilbao,6,0,0,494
14,De Marcos,CL qual,Athletic Bilbao,2,0,1,180
13,De Marcos,LaLiga,Athletic Bilbao,35,5,2,"1,959"
13,De Marcos,Copa del Rey,Athletic Bilbao,4,0,0,203
12,De Marcos,LaLiga,Athletic Bilbao,36,6,2,"3,139"
12,De Marcos,Copa del Rey,Athletic Bilbao,2,0,0,175
12,De Marcos,Europe League,Athletic Bilbao,6,1,3,495
12,De Marcos,Europa League Quali,Athletic Bilbao,2,0,0,180
11,De Marcos,Copa del Rey,Athletic Bilbao,8,1,4,630
11,De Marcos,LaLiga,Athletic Bilbao,34,4,5,"2,919"
11,De Marcos,Europe League,Athletic Bilbao,14,4,4,"1,227"
10,De Marcos,LaLiga,Athletic Bilbao,13,0,3,533
10,De Marcos,Copa del Rey,Athletic Bilbao,2,0,0,32
9,De Marcos,LaLiga,Athletic Bilbao,19,1,0,903
9,De Marcos,2ª B - Group I,Athletic Bilbao,1,0,0,90
9,De Marcos,Europe League,Athletic Bilbao,5,0,0,222
9,De Marcos,Copa del Rey,Athletic Bilbao,1,0,0,54
9,De Marcos,Europa League Quali,Athletic Bilbao,3,1,0,239
9,De Marcos,Supercopa,Athletic Bilbao,1,1,0,60
8,De Marcos,LaLiga2,Deportivo Alavés,20,3,0,953
20,M. Pugh,League One,,8,1,3,450
20,M. Pugh,FA Cup,,2,0,1,210
19,M. Pugh,Championship,,27,2,3,"1,162"
19,M. Pugh,FA Cup,,2,0,0,180
19,M. Pugh,EFL Cup,,2,0,1,135
18,M. Pugh,Championship,,14,3,1,819
18,M. Pugh,FA Cup,,1,1,0,90
18,M. Pugh,EFL Cup,,2,0,1,111
18,M. Pugh,Premier League,,0,0,0,0
17,M. Pugh,Premier League,,20,0,0,981
17,M. Pugh,FA Cup,,2,0,1,134
17,M. Pugh,EFL Cup,,3,1,1,237
16,M. Pugh,Premier League,,21,2,3,"1,332"
16,M. Pugh,FA Cup,,1,0,0,90
16,M. Pugh,EFL Cup,,1,0,0,29
15,M. Pugh,Premier League,,26,3,3,"1,333"
15,M. Pugh,FA Cup,,2,1,0,118
15,M. Pugh,League Cup,,2,1,0,129
14,M. Pugh,Championship,,42,9,6,"2,988"
14,M. Pugh,League Cup,,2,0,1,160
13,M. Pugh,Championship,,42,5,3,"2,845"
13,M. Pugh,FA Cup,,2,0,0,145
13,M. Pugh,League Cup,,1,0,0,83
12,M. Pugh,League One,,40,6,10,"3,364"
12,M. Pugh,FA Cup,,4,2,0,326
12,M. Pugh,EFL Trophy,,1,0,0,35
12,M. Pugh,League Cup,,1,0,0,120
11,M. Pugh,League One,,42,8,6,"3,732"
11,M. Pugh,FA Cup,,2,0,1,180
11,M. Pugh,EFL Trophy,,3,3,2,270
11,M. Pugh,League Cup,,2,1,2,180
10,M. Pugh,League One Playoffs,,2,0,1,56
10,M. Pugh,League One,,41,12,11,"3,491"
10,M. Pugh,FA Cup,,2,1,0,171
10,M. Pugh,League Cup,,1,0,0,90
9,M. Pugh,League Two,,40,13,7,"3,474"
9,M. Pugh,FA Cup,,2,0,0,92
9,M. Pugh,League Cup,,1,0,0,105
8,M. Pugh,League One,,9,1,0,655
8,M. Pugh,League Two,,7,0,0,108
8,M. Pugh,FA Cup,,0,0,0,0
8,M. Pugh,League Two,,4,0,0,271
7,M. Pugh,League Two,,37,4,7,"2,491"
7,M. Pugh,League Cup,,0,0,0,0
6,M. Pugh,League Two,,35,3,2,"2,511"
6,M. Pugh,FA Cup,,2,0,0,180
6,M. Pugh,League Cup,,1,0,0,25
5,M. Pugh,League Two,,6,1,0,319
5,M. Pugh,Championship,,0,0,0,0
3,M. Pugh,First Division,,0,0,0,0
21,L. Deaux,Ligue 2,,3,0,0,224
20,L. Deaux,Ligue 1,,25,1,2,"1,753"
19,L. Deaux,Ligue 1,,17,2,1,"1,338"
19,L. Deaux,Coupe de France,,1,0,1,99
19,L. Deaux,Ligue 2,,4,1,0,360
18,L. Deaux,Ligue 1,,18,3,1,"1,196"
18,L. Deaux,Coupe de France,,2,0,0,105
18,L. Deaux,Coupe de la Ligue,,1,0,0,90
17,L. Deaux,Ligue 1,,26,2,1,"1,952"
17,L. Deaux,Coupe de France,,2,0,0,180
17,L. Deaux,Coupe de la Ligue,,0,0,0,0
16,L. Deaux,Ligue 1,,38,2,5,"3,078"
16,L. Deaux,Coupe de France,,5,0,1,396
16,L. Deaux,Coupe de la Ligue,,2,0,0,192
15,L. Deaux,JPL Playoff I.,,1,0,0,65
15,L. Deaux,Jupiler Pro League,,4,0,1,223
15,L. Deaux,Champions League,,0,0,0,0
15,L. Deaux,Beker van Belgie,,0,0,0,0
15,L. Deaux,Ligue 1,,16,0,0,"1,184"
15,L. Deaux,Coupe de la Ligue,,1,0,0,120
14,L. Deaux,Ligue 1,,34,0,0,"2,102"
14,L. Deaux,Coupe de France,,3,1,0,253
14,L. Deaux,Coupe de la Ligue,,3,0,0,300
13,L. Deaux,Ligue 1,,36,1,2,"3,009"
13,L. Deaux,Coupe de la Ligue,,4,0,0,266
13,L. Deaux,Coupe de France,,1,0,0,90
12,L. Deaux,Ligue 2,,33,0,1,"2,512"
12,L. Deaux,Coupe de France,,1,0,0,90
12,L. Deaux,Coupe de la Ligue,,1,0,0,120
11,L. Deaux,Ligue 2,,31,1,1,"2,020"
11,L. Deaux,Coupe de la Ligue,,1,0,0,97
10,L. Deaux,Ligue 2,,31,3,2,"1,527"
10,L. Deaux,Coupe de France,,2,0,0,206
10,L. Deaux,Coupe de la Ligue,,2,0,0,59
9,L. Deaux,Coupe de la Ligue,,1,0,0,90
8,L. Deaux,Ligue 2,,20,3,0,"1,709"
8,L. Deaux,Coupe de la Ligue,,1,0,0,90
7,L. Deaux,Ligue 2,,4,0,0,222
6,L. Deaux,Ligue 2,,2,0,0,73
6,L. Deaux,Coupe de la Ligue,,0,0,0,0
21,L. Suárez,LaLiga,,3,1,0,123
20,L. Suárez,LaLiga,,32,21,3,"2,522"
20,L. Suárez,Champions League,,6,0,0,461
19,L. Suárez,Champions League,,7,5,3,568
19,L. Suárez,LaLiga,,28,16,8,"2,000"
19,L. Suárez,Supercopa,,1,0,1,90
18,L. Suárez,Champions League,,10,1,5,900
18,L. Suárez,LaLiga,,33,19,8,"2,829"
18,L. Suárez,Copa del Rey,,5,3,1,313
18,L. Suárez,Supercopa,,1,0,0,90
17,L. Suárez,LaLiga,,33,25,13,"2,902"
17,L. Suárez,Copa del Rey,,6,5,2,481
17,L. Suárez,Champions League,,10,1,4,884
17,L. Suárez,Supercopa,,2,0,1,180
16,L. Suárez,LaLiga,,35,28,15,"2,862"
16,L. Suárez,Champions League,,9,3,4,810
16,L. Suárez,Copa del Rey,,6,4,1,540
16,L. Suárez,Supercopa,,1,1,0,90
15,L. Suárez,Copa del Rey,,4,5,1,326
15,L. Suárez,LaLiga,,35,40,18,"3,150"
15,L. Suárez,Champions League,,9,8,3,810
15,L. Suárez,FIFA Club World Cup,,2,5,0,180
15,L. Suárez,Supercopa,,2,0,1,180
15,L. Suárez,UEFA Super Cup,,1,1,1,120
14,L. Suárez,Champions League,,10,7,3,827
14,L. Suárez,Copa del Rey,,6,2,4,527
14,L. Suárez,LaLiga,,27,16,16,"2,178"
13,L. Suárez,Premier League,,33,31,17,"2,965"
13,L. Suárez,FA Cup,,3,0,2,194
13,L. Suárez,League Cup,,1,0,0,90
12,L. Suárez,Premier League,,33,23,12,"2,955"
12,L. Suárez,Europe League,,7,4,0,505
12,L. Suárez,FA Cup,,2,2,0,126
12,L. Suárez,League Cup,,1,1,0,44
12,L. Suárez,Europa League Quali,,1,0,2,90
11,L. Suárez,Premier League,,31,11,6,"2,553"
11,L. Suárez,FA Cup,,4,3,0,359
11,L. Suárez,League Cup,,4,3,4,342
10,L. Suárez,Premier League,,13,4,5,"1,101"
10,L. Suárez,Champions League,,5,1,3,450
10,L. Suárez,Eredivisie,,13,7,8,"1,170"
10,L. Suárez,TOTO KNVB beker,,1,1,0,90
10,L. Suárez,CL qual,,4,3,1,360
10,L. Suárez,Johan Cruijff Schaal,,1,0,0,42
9,L. Suárez,TOTO KNVB beker,,6,8,3,446
9,L. Suárez,Eredivisie,,33,35,17,"2,970"
9,L. Suárez,Europe League,,7,2,4,550
9,L. Suárez,Europa League Quali,,2,4,0,135
8,L. Suárez,Eredivisie,,31,22nd,15,"2,703"
8,L. Suárez,UEFA Cup,,10,5,3,893
8,L. Suárez,TOTO KNVB beker,,2,1,1,210
7,L. Suárez,Playoffs Conference League,,4,2,0,306
7,L. Suárez,Eredivisie,,33,17,14,"2,445"
7,L. Suárez,TOTO KNVB beker,,3,2,0,272
7,L. Suárez,UEFA Cup,,2,0,0,132
7,L. Suárez,CL qual,,2,1,0,162
6,L. Suárez,Playoffs Conference League,,4,3,1,360
6,L. Suárez,Eredivisie,,29,10,6,"2,310"
6,L. Suárez,TOTO KNVB beker,,2,1,0,180
6,L. Suárez,UEFA Cup,,2,1,0,79
6,L. Suárez,Libertadores,,3,0,0,116
5,L. Suárez,Libertadores,,1,0,0,15
20,A. Le Fondre,A-League Fin.,,2,1,0,180
20,A. Le Fondre,A-League,,5,3,1,336
21,A. Le Fondre,ISL playoffs,,3,0,0,251
20,A. Le Fondre,Indian Super League,,20,11,1,"1,374"
19,A. Le Fondre,A-League Fin.,,2,1,0,197
19,A. Le Fondre,A-League,,26,21,1,"2,299"
20,A. Le Fondre,AFC Champions League,,2,1,0,180
19,A. Le Fondre,FFA Cup,,1,0,0,90
18,A. Le Fondre,A-League Fin.,,2,2,0,210
19,A. Le Fondre,AFC Champions League,,5,2,0,437
18,A. Le Fondre,A-League,,27,16,1,"2,430"
18,A. Le Fondre,FFA Cup,,3,3,2,300
18,A. Le Fondre,Championship,,1,0,0,10
17,A. Le Fondre,Championship,,35,7,2,"1,685"
17,A. Le Fondre,FA Cup,,1,0,0,90
17,A. Le Fondre,EFL Cup,,2,0,0,107
16,A. Le Fondre,League One,,19,6,1,"1,420"
16,A. Le Fondre,Championship,,12,1,0,370
16,A. Le Fondre,FA Cup,,1,0,0,21
16,A. Le Fondre,Championship,,0,0,0,0
15,A. Le Fondre,Championship,,26,3,4,"1,222"
15,A. Le Fondre,FA Cup,,1,0,0,33
15,A. Le Fondre,League Cup,,3,0,2,143
14,A. Le Fondre,Championship,,17,8,1,"1,414"
14,A. Le Fondre,Championship,,23,3,2,"1,640"
14,A. Le Fondre,FA Cup,,1,0,0,21
14,A. Le Fondre,League Cup,,1,0,0,90
13,A. Le Fondre,Championship,,38,15,2,"2,270"
13,A. Le Fondre,FA Cup,,1,0,0,90
13,A. Le Fondre,League Cup,,1,0,0,90
12,A. Le Fondre,Premier League,,34,12,2,"1,492"
12,A. Le Fondre,FA Cup,,3,2,1,270
12,A. Le Fondre,U21 PL,,2,1,0,180
12,A. Le Fondre,League Cup,,0,0,0,0
11,A. Le Fondre,Championship,,32,12,3,"1,864"
11,A. Le Fondre,FA Cup,,1,0,0,63
11,A. Le Fondre,League Two,,4,4,1,360
11,A. Le Fondre,League Cup,,1,0,1,90
10,A. Le Fondre,League Two,,45,23,5,"3,669"
10,A. Le Fondre,FA Cup,,2,0,0,180
10,A. Le Fondre,League Cup,,1,0,0,90
9,A. Le Fondre,League Two Playoffs,,3,2,0,270
9,A. Le Fondre,League Two,,44,25,5,"3,847"
9,A. Le Fondre,FA Cup,,3,1,0,270
9,A. Le Fondre,League Two,,1,0,0,18
8,A. Le Fondre,League Two Playoffs,,2,0,0,92
8,A. Le Fondre,League Two,,44,17,2,"2,578"
8,A. Le Fondre,FA Cup,,2,3,0,195
8,A. Le Fondre,League Cup,,1,0,0,58
7,A. Le Fondre,League Two Playoffs,,3,0,0,140
7,A. Le Fondre,League Two,,46,15,3,"2,785"
7,A. Le Fondre,League Cup,,2,0,1,61
6,A. Le Fondre,League Two,,21,7,2,"1,270"
6,A. Le Fondre,League Two,,7,4,2,606
6,A. Le Fondre,FA Cup,,2,0,0,65
6,A. Le Fondre,League Cup,,1,0,0,44
5,A. Le Fondre,League Two,,22,7,1,620
5,A. Le Fondre,FA Cup,,0,0,0,0
5,A. Le Fondre,League Cup,,1,1,0,120
4,A. Le Fondre,League One,,20,4,0,"1,148"
3,A. Le Fondre,Second Division,,0,0,0,0
20,G. Sigurðsson,Premier League,,36,6,5,"2,253"
20,G. Sigurðsson,FA Cup,,4,1,3,354
20,G. Sigurðsson,EFL Cup,,4,1,2,360
19,G. Sigurðsson,Premier League,,35,2,3,"2,563"
19,G. Sigurðsson,FA Cup,,1,0,0,63
19,G. Sigurðsson,EFL Cup,,2,1,0,104
18,G. Sigurðsson,Premier League,,38,13,6,"3,134"
18,G. Sigurðsson,FA Cup,,2,0,1,170
18,G. Sigurðsson,EFL Cup,,1,1,0,66
17,G. Sigurðsson,Premier League,,27,4,3,"2,262"
17,G. Sigurðsson,FA Cup,,1,1,0,90
17,G. Sigurðsson,Europe League,,4,0,2,303
17,G. Sigurðsson,EFL Cup,,0,0,0,0
17,G. Sigurðsson,Europa League Quali,,1,1,0,90
16,G. Sigurðsson,Premier League,,38,9,13,"3,327"
16,G. Sigurðsson,FA Cup,,1,0,0,90
16,G. Sigurðsson,EFL Cup,,1,1,0,29
15,G. Sigurðsson,Premier League,,36,11,3,"2,916"
15,G. Sigurðsson,League Cup,,1,0,0,90
14,G. Sigurðsson,Premier League,,32,7,10,"2,697"
14,G. Sigurðsson,FA Cup,,1,1,0,90
14,G. Sigurðsson,League Cup,,2,1,0,116
13,G. Sigurðsson,Premier League,,25,5,0,"1,276"
13,G. Sigurðsson,Europe League,,8,0,3,587
13,G. Sigurðsson,League Cup,,2,1,0,210
12,G. Sigurðsson,Premier League,,33,3,4,"1,221"
12,G. Sigurðsson,Europe League,,11,3,1,588
12,G. Sigurðsson,FA Cup,,2,0,0,138
12,G. Sigurðsson,League Cup,,2,1,1,180
11,G. Sigurðsson,Premier League,,18,7,5,"1,498"
11,G. Sigurðsson,FA Cup,,1,0,0,31
11,G. Sigurðsson,DFB Cup,,0,0,0,0
11,G. Sigurðsson,Bundesliga,,7,0,1,577
10,G. Sigurðsson,Bundesliga,,29,9,3,"1,241"
10,G. Sigurðsson,DFB Cup,,3,1,0,269 ​​
10,G. Sigurðsson,Championship,,4,2,1,360
10,G. Sigurðsson,League Cup,,0,0,0,0
9,G. Sigurðsson,Championship,,38,16,7,"2,849"
9,G. Sigurðsson,FA Cup,,5,3,0,510
9,G. Sigurðsson,League Cup,,1,1,1,90
8,G. Sigurðsson,League One,,15,3,0,"1,296"
8,G. Sigurðsson,FA Cup,,1,0,0,12
8,G. Sigurðsson,League Two,,5,1,0,327
8,G. Sigurðsson,League Cup,,2,0,0,56
21,I. Perišić,Series A,,2,0,0,135
20,I. Perišić,Series A,,32,4,5,"1,800"
20,I. Perišić,Coppa Italia,,4,0,0,243
20,I. Perišić,Champions League,,6,1,0,244
19,I. Perišić,Champions League,,10,3,3,423
19,I. Perišić,DFB Cup,,3,1,1,131
19,I. Perišić,Bundesliga,,22,4,6,1202
18,I. Perišić,Series A,,34,8,4,"2,705"
18,I. Perišić,Europe League,,4,1,1,328
18,I. Perišić,Coppa Italia,,1,0,3,67
18,I. Perišić,Champions League,,6,0,0,501
17,I. Perišić,Series A,,37,11,11,"3,317"
17,I. Perišić,Coppa Italia,,2,0,0,172
16,I. Perišić,Series A,,36,11,9,"2,757"
16,I. Perišić,Coppa Italia,,1,0,1,90
16,I. Perišić,Europe League,,5,0,0,195
15,I. Perišić,Series A,,34,7,5,"2,407"
15,I. Perišić,Coppa Italia,,3,2,1,211
15,I. Perišić,Bundesliga,,2,1,0,164
15,I. Perišić,DFB Cup,,1,0,0,63
15,I. Perišić,DFL Supercup,,1,0,0,70
14,I. Perišić,DFB Cup,,2,1,1,143
14,I. Perišić,Bundesliga,,24,5,6,"1,725 ​​"
14,I. Perišić,Europe League,,9,1,2,512
13,I. Perišić,Bundesliga,,33,10,5,"2,197"
13,I. Perišić,DFB Cup,,5,1,2,389
12,I. Perišić,Bundesliga,,11,2,1,540
12,I. Perišić,DFB Cup,,0,0,0,0
12,I. Perišić,DFB Cup,,3,1,0,185
12,I. Perišić,Bundesliga,,14,2,1,505
12,I. Perišić,Champions League,,5,0,0,144
12,I. Perišić,DFL Supercup,,1,0,0,26
11,I. Perišić,DFB Cup,,6,1,3,205
11,I. Perišić,Bundesliga,,28,7,3,956
11,I. Perišić,Champions League,,6,1,0,319
11,I. Perišić,DFL Supercup,,1,0,0,45
10,I. Perišić,JPL Playoff I.,,10,6,2,849
10,I. Perišić,Jupiler Pro League,,27,16,8,"2,181"
10,I. Perišić,Europe League,,6,0,0,487
10,I. Perišić,Beker van Belgie,,1,0,0,90
10,I. Perišić,Europa League Quali,,2,0,0,180
9,I. Perišić,JPL Playoff I.,,10,3,4,891
9,I. Perišić,Jupiler Pro League,,23,6,6,"1,752"
9,I. Perišić,Europe League,,8,4,2,720
9,I. Perišić,Beker van Belgie,,2,0,1,180
8,I. Perišić,Final round Jupiler Pro League,,1,0,0,5
8,I. Perišić,Jupiler Pro League,,17,5,2,"1,422"
8,I. Perišić,Beker van Belgie,,2,3,0,180
8,I. Perišić,Coupe de la Ligue,,0,0,0,0
21,B. Mee,Premier League,,3,0,0,270
21,B. Mee,EFL Cup,,1,0,0,90
20,B. Mee,Premier League,,30,2,0,"2,694"
20,B. Mee,FA Cup,,1,0,0,120
19,B. Mee,Premier League,,32,1,1,"2,880"
19,B. Mee,FA Cup,,0,0,0,0
18,B. Mee,Premier League,,38,0,3,"3,420"
18,B. Mee,FA Cup,,0,0,0,0
18,B. Mee,EFL Cup,,1,0,0,90
18,B. Mee,Europa League Quali,,4,0,0,390
17,B. Mee,Premier League,,29,0,0,"2,610"
17,B. Mee,FA Cup,,1,0,0,90
17,B. Mee,EFL Cup,,0,0,0,0
16,B. Mee,Premier League,,34,1,1,"3,015"
16,B. Mee,FA Cup,,1,0,0,90
15,B. Mee,Championship,,46,2,1,"4,128"
15,B. Mee,FA Cup,,2,0,0,180
15,B. Mee,League Cup,,1,0,0,90
14,B. Mee,Premier League,,33,2,1,"2,888"
14,B. Mee,FA Cup,,2,0,0,180
14,B. Mee,League Cup,,0,0,0,0
13,B. Mee,Championship,,38,0,3,"3,356"
13,B. Mee,League Cup,,3,0,0,270
12,B. Mee,Championship,,19,1,2,"1,361"
12,B. Mee,League Cup,,2,0,0,210
11,B. Mee,Championship,,31,0,1,"2,583"
11,B. Mee,FA Cup,,1,0,0,90
11,B. Mee,League Cup,,3,0,0,330
10,B. Mee,Championship,,15,0,2,"1,326"
10,B. Mee,Europe League,,0,0,0,0
10,B. Mee,Reserve League,,7,1,0,630
10,B. Mee,League Cup,,1,0,0,90
9,B. Mee,Reserve League North,,11,1,0,985
7,B. Mee,FA Youth Cup,,2,1,0,180
21,L. Marzorati,Series C - A,,0,0,0,0
21,L. Marzorati,Coppa series C,,1,0,0,90
20,L. Marzorati,Series C - A,,21,1,0,"1,844"
19,L. Marzorati,CC series,,20,0,0,"1,673"
19,L. Marzorati,Coppa Italia,,1,0,0,90
18,L. Marzorati,Superc. Series C,,2,0,0,161
18,L. Marzorati,CC series,,26,0,0,"2,099"
18,L. Marzorati,Coppa series C,,0,0,0,0
18,L. Marzorati,Coppa Italia,,2,0,0,180
17,L. Marzorati,PlayOff Lega Pro,,1,0,0,11
17,L. Marzorati,CC series,,10,1,0,810
17,L. Marzorati,Series CA,,17,0,1,"1,440"
17,L. Marzorati,Coppa series C,,3,1,0,300
16,L. Marzorati,PlayOut Lega Pro,,2,0,0,180
16,L. Marzorati,Lega Pro A,,15,2,2,"1,340"
15,L. Marzorati,Series B,,34,1,0,"3,043"
15,L. Marzorati,Coppa Italia,,2,0,0,180
14,L. Marzorati,Serie B play-out,,2,0,0,45
14,L. Marzorati,Series B,,24,0,0,"1,654"
14,L. Marzorati,Coppa Italia,,2,0,0,210
13,L. Marzorati,Serie B playoff,,0,0,0,0
13,L. Marzorati,Series B,,16,0,0,"1,301"
13,L. Marzorati,Series A,,9,1,0,535
13,L. Marzorati,Coppa Italia,,0,0,0,0
12,L. Marzorati,Series B,,19,0,0,"1,364"
12,L. Marzorati,Coppa Italia,,0,0,0,0
11,L. Marzorati,Serie B playoff,,2,0,0,180
11,L. Marzorati,Series B,,34,0,0,"2,829"
11,L. Marzorati,Primavera A,,1,0,0,90
10,L. Marzorati,Series B,,23,1,0,"1,897"
10,L. Marzorati,Coppa Italia,,0,0,0,0
9,L. Marzorati,Series A,,13,0,1,"1,072"
9,L. Marzorati,Coppa Italia,,1,0,0,90
8,L. Marzorati,Series B,,27,0,0,"2,197"
8,L. Marzorati,Coppa Italia,,1,0,0,90
7,L. Marzorati,Series A,,32,1,0,"2,558"
7,L. Marzorati,Coppa Italia,,1,0,0,14
7,L. Marzorati,UEFA Cup,,2,0,0,180
6,L. Marzorati,Series A,,26,1,0,"1,571"
6,L. Marzorati,Coppa Italia,,4,0,0,360
5,L. Marzorati,Series A,,0,0,0,0
5,L. Marzorati,Coppa Italia,,2,0,0,118
4,L. Marzorati,Series A,,1,0,0,73
20,S. Sam,Türkiye Kupasi,,5,0,0,196
20,S. Sam,Super Lig,,25,3,0,"1,253"
19,S. Sam,Bundesliga EL play-off,,1,0,0,90
19,S. Sam,Bundesliga,,21,6,7,"1,423"
19,S. Sam,ÖFB Cup,,1,0,1,31
18,S. Sam,2nd Bundesliga,,19,2,3,"1,147"
17,S. Sam,2nd Bundesliga,,23,0,1,"1,664"
17,S. Sam,DFB Cup,,1,0,0,62
16,S. Sam,Bundesliga,,13,2,1,885
16,S. Sam,Regional League West,,9,2,2,769
16,S. Sam,Europe League,,1,0,0,15
15,S. Sam,Bundesliga,,2,0,0,14
15,S. Sam,Europe League,,4,0,0,135
15,S. Sam,Regional League West,,2,1,0,169
14,S. Sam,Regional League West,,1,0,0,71
14,S. Sam,Bundesliga,,11,0,1,523
14,S. Sam,Champions League,,3,0,0,107
14,S. Sam,DFB Cup,,1,0,0,61
13,S. Sam,Bundesliga,,22,8,7,"1,383"
13,S. Sam,Champions League,,6,2,0,471
13,S. Sam,DFB Cup,,3,3,2,172
12,S. Sam,Bundesliga,,22,5,5,948
12,S. Sam,Europe League,,4,0,0,159
12,S. Sam,DFB Cup,,2,0,0,70
11,S. Sam,Bundesliga,,18,4,2,"1,409"
11,S. Sam,Champions League,,6,1,2,516
11,S. Sam,DFB Cup,,1,1,0,120
10,S. Sam,Bundesliga,,30,7,4,"2,166"
10,S. Sam,Europe League,,7,3,3,552
10,S. Sam,DFB Cup,,2,2,1,107
10,S. Sam,Europa League Quali,,1,0,0,45
9,S. Sam,2nd Bundesliga,,33,10,7,"2,780"
9,S. Sam,DFB Cup,,2,1,0,135
8,S. Sam,2nd Bundesliga,,26,4,7,"1,781"
8,S. Sam,RL North (until 11/12),,1,0,1,90
7,S. Sam,Regionalliga North,,21,3,0,"1,622"
7,S. Sam,Bundesliga,,4,0,0,51
7,S. Sam,UEFA Cup,,1,0,0,14
7,S. Sam,UI Cup,,0,0,0,0
6,S. Sam,Regionalliga North,,23,4,0,"1,312"
6,S. Sam,U19 Bundesliga North / Northeast,,2,1,0,150
5,S. Sam,Regionalliga North,,2,1,0,26
5,S. Sam,U19 Bundesliga North / Northeast,,21,3,0,"1,741"
4,S. Sam,U19 Bundesliga North / Northeast,,17,2,0,"1,257"
20,N. Muller,A-League,,18,2,0,575
19,N. Muller,A-League,,19,5,3,"1,505"
18,N. Muller,Bundesliga,,14,3,0,901
18,N. Muller,Bundesliga,,7,2,0,216
18,N. Muller,Europe League,,4,0,0,139
18,N. Muller,DFB Cup,,1,0,0,12
17,N. Muller,Bundesliga,,2,1,0,26
17,N. Muller,DFB Cup,,1,0,0,90
16,N. Muller,Bundesliga,,25,5,6,"1,901"
16,N. Muller,DFB Cup,,2,0,0,134
15,N. Muller,Bundesliga,,29,9,5,"2,161"
14,N. Muller,Relegation 1st Bundesliga,,1,1,0,43
14,N. Muller,Bundesliga,,27,1,4,"2,085"
14,N. Muller,DFB Cup,,1,0,0,90
13,N. Muller,Bundesliga,,26,9,3,"2,002"
13,N. Muller,DFB Cup,,2,1,1,180
12,N. Muller,Bundesliga,,32,8,6,"2,366"
12,N. Muller,DFB Cup,,4,1,0,322
11,N. Muller,Bundesliga,,23,4,4,"1,427"
11,N. Muller,DFB Cup,,2,0,0,154
11,N. Muller,RL West,,1,1,1,90
11,N. Muller,Europa League Quali,,1,0,0,11
10,N. Muller,2nd Bundesliga,,33,7,7,"2,926"
10,N. Muller,DFB Cup,,2,0,0,240
9,N. Muller,2nd Bundesliga,,29,6,6,"2,324"
9,N. Muller,DFB Cup,,4,1,1,309
9,N. Muller,Regional league south,,3,2,0,267
8,N. Muller,3rd league,,18,5,4,"1,134"
8,N. Muller,Regional league south,,15,0,0,"1,313"
8,N. Muller,2nd Bundesliga,,0,0,0,0
7,N. Muller,Oberliga Bayern,,11,4,0,953
7,N. Muller,2nd Bundesliga,,5,0,0,192
7,N. Muller,DFB Cup,,1,0,0,0
6,N. Muller,Oberliga Bayern,,35,9,0,"3,069"
6,N. Muller,2nd Bundesliga,,2,0,0,21
5,N. Muller,Oberliga Bayern,,2,0,0,108
5,N. Muller,U19-Bundesliga South / Southwest,,25,11,0,"2,079"
4,N. Muller,U19 Bundesliga finals,,2,0,0,202
4,N. Muller,U19-Bundesliga South / Southwest,,26,9,0,"2,020"
21,P. Gulácsi,Bundesliga,,3,0,0,1
21,P. Gulácsi,DFB Cup,,1,0,0,1
20,P. Gulácsi,Bundesliga,,33,0,0,15
20,P. Gulácsi,DFB Cup,,6,0,0,4
20,P. Gulácsi,Champions League,,8,0,0,1
19,P. Gulácsi,Champions League,,10,0,0,3
19,P. Gulácsi,Bundesliga,,32,0,0,10
19,P. Gulácsi,DFB Cup,,0,0,0,0
18,P. Gulácsi,DFB Cup,,6,0,0,2
18,P. Gulácsi,Bundesliga,,33,0,0,16
18,P. Gulácsi,Europe League,,0,0,0,0
18,P. Gulácsi,Europa League Quali,,1,0,0,1
17,P. Gulácsi,Bundesliga,,33,0,0,6
17,P. Gulácsi,Europe League,,6,0,0,1
17,P. Gulácsi,Champions League,,6,0,0,0
17,P. Gulácsi,DFB Cup,,2,0,0,1
16,P. Gulácsi,Bundesliga,,33,0,0,9
16,P. Gulácsi,DFB Cup,,1,0,0,0
15,P. Gulácsi,2nd Bundesliga,,14,0,0,3
15,P. Gulácsi,DFB Cup,,1,0,0,0
15,P. Gulácsi,Regionalliga northeast,,2,0,0,1
14,P. Gulácsi,ÖFB Cup,,5,0,0,3
14,P. Gulácsi,Bundesliga,,34,0,0,12
14,P. Gulácsi,Europe League,,7,0,0,0
14,P. Gulácsi,CL qual,,4,0,0,1
13,P. Gulácsi,ÖFB Cup,,5,0,0,3
13,P. Gulácsi,Bundesliga,,31,0,0,12
13,P. Gulácsi,Europe League,,12,0,0,7
13,P. Gulácsi,CL qual,,2,0,0,0
12,P. Gulácsi,U21 PL elite group,,6,0,0,2
12,P. Gulácsi,Premier League,,0,0,0,0
12,P. Gulácsi,Europe League,,0,0,0,0
12,P. Gulácsi,FA Cup,,0,0,0,0
12,P. Gulácsi,U21 PL,,7,0,0,3
12,P. Gulácsi,League Cup,,0,0,0,0
12,P. Gulácsi,Europa League Quali,,0,0,0,0
11,P. Gulácsi,Reserve League,,2,0,0,0
11,P. Gulácsi,FA Cup,,0,0,0,0
11,P. Gulácsi,Championship,,15,0,0,6
10,P. Gulácsi,Premier League,,0,0,0,0
10,P. Gulácsi,Europe League,,0,0,0,0
10,P. Gulácsi,Reserve League,,2,0,0,2
10,P. Gulácsi,FA Cup,,0,0,0,0
10,P. Gulácsi,League One,,12,0,0,3
10,P. Gulácsi,Europa League Quali,,0,0,0,0
9,P. Gulácsi,League One,,5,0,0,2
9,P. Gulácsi,Reserve League North,,8,0,0,2
9,P. Gulácsi,FA Cup,,0,0,0,0
9,P. Gulácsi,Premier League,,0,0,0,0
8,P. Gulácsi,League One,,18,0,0,1
8,P. Gulácsi,League Cup,,0,0,0,0
21,J. Drachmann,1st division,,5,0,0,204
20,J. Drachmann,Superligaen relegation,,4,0,0,91
20,J. Drachmann,Superligaen,,12,0,0,740
20,J. Drachmann,Sydbank trophies,,2,0,0,160
20,J. Drachmann,Reserve leagues,,2,0,0,135
19,J. Drachmann,Superligaen relegation,,3,0,0,53
19,J. Drachmann,Superligaen,,24,0,3,"2,048"
19,J. Drachmann,Reserve leagues Spring,,1,0,0,60
19,J. Drachmann,Sydbank trophies,,1,0,0,90
18,J. Drachmann,Superligaen Meisterr.,,9,0,0,708
18,J. Drachmann,Reserve leagues Spring,,1,0,0,45
18,J. Drachmann,Super league,,22,1,2,"1,920"
18,J. Drachmann,Sydbank trophies,,2,0,0,151
18,J. Drachmann,Super league,,0,0,0,0
18,J. Drachmann,Reserve leagues,,1,0,0,90
17,J. Drachmann,Superligaen Meisterr.,,8,0,0,371
17,J. Drachmann,Sydbank trophies,,4,0,0,370
17,J. Drachmann,Super league,,17,0,0,"1,186"
17,J. Drachmann,Reserve leagues,,2,0,0,150
17,J. Drachmann,Europa League Quali,,6,0,0,430
16,J. Drachmann,Superligaen Releg.,,1,0,0,90
16,J. Drachmann,Superligaen Meisterr.,,8,0,0,689
16,J. Drachmann,Sydbank trophies,,3,0,0,259
16,J. Drachmann,Super league,,1,0,0,90
16,J. Drachmann,Super league,,16,1,1,"1,327"
16,J. Drachmann,Europa League Quali,,6,0,0,570
15,J. Drachmann,Super league,,28,0,2,"2,448"
15,J. Drachmann,Sydbank trophies,,3,0,0,225
14,J. Drachmann,1st division,,30,1,2,"2,700"
14,J. Drachmann,Sydbank trophies,,1,0,0,90
13,J. Drachmann,1st division,,26,1,2,"2,170"
13,J. Drachmann,Sydbank trophies,,3,0,1,252
12,J. Drachmann,Superligaen,,27,0,3,"2,090"
12,J. Drachmann,Sydbank trophies,,4,0,0,354
12,J. Drachmann,Europe League,,2,0,0,180
12,J. Drachmann,Europa League Quali,,2,0,0,180
11,J. Drachmann,Superligaen,,24,1,3,"1,809"
11,J. Drachmann,Sydbank trophies,,4,0,0,261
10,J. Drachmann,Superligaen,,27,1,2,"1,146"
10,J. Drachmann,Sydbank trophies,,2,0,0,126
9,J. Drachmann,1st division,,16,0,1,649
8,J. Drachmann,SAS leagues,,0,0,0,0
8,J. Drachmann,Sydbank trophies,,1,0,0,66
7,J. Drachmann,SAS leagues,,19,0,0,707
6,J. Drachmann,SAS leagues,,2,0,0,29
21,S. Coleman,Premier League,,3,0,1,270
21,S. Coleman,EFL Cup,,0,0,0,0
20,S. Coleman,Premier League,,25,0,3,"1,612"
20,S. Coleman,FA Cup,,4,0,0,365
20,S. Coleman,EFL Cup,,2,0,0,138
19,S. Coleman,Premier League,,27,0,1,"1,839"
19,S. Coleman,FA Cup,,1,0,0,63
19,S. Coleman,EFL Cup,,2,0,0,180
18,S. Coleman,Premier League,,29,2,2,"2,560"
18,S. Coleman,FA Cup,,1,0,0,90
18,S. Coleman,EFL Cup,,0,0,0,0
17,S. Coleman,Premier League,,12,0,1,"1,035"
16,S. Coleman,Premier League,,26,4,4,"2,317"
16,S. Coleman,FA Cup,,1,0,0,90
16,S. Coleman,EFL Cup,,1,0,0,90
15,S. Coleman,Premier League,,28,1,3,"2,386"
15,S. Coleman,FA Cup,,3,0,0,263
15,S. Coleman,League Cup,,3,0,0,193
14,S. Coleman,Premier League,,35,3,4,"3,065"
14,S. Coleman,Europe League,,5,2,0,450
14,S. Coleman,FA Cup,,2,0,0,210
13,S. Coleman,Premier League,,36,6,2,"3,229"
13,S. Coleman,FA Cup,,3,1,0,262
13,S. Coleman,League Cup,,2,0,0,144
12,S. Coleman,Premier League,,26,0,5,2164
12,S. Coleman,FA Cup,,3,1,0,270
12,S. Coleman,League Cup,,2,0,1,180
11,S. Coleman,Premier League,,18,0,0,"1,131"
11,S. Coleman,Reserve League,,4,1,1,324
11,S. Coleman,FA Cup,,4,0,0,184
11,S. Coleman,League Cup,,2,0,1,118
10,S. Coleman,Premier League,,34,4,3,"2,259"
10,S. Coleman,FA Cup,,4,1,0,333
10,S. Coleman,League Cup,,2,1,1,210
10,S. Coleman,Reserve League,,1,0,0,90
9,S. Coleman,Championship playoffs,,3,0,0,270
9,S. Coleman,Championship,,9,1,5,810
9,S. Coleman,Europe League,,3,0,0,270
9,S. Coleman,Premier League,,3,0,1,105
9,S. Coleman,FA Cup,,1,0,0,10
9,S. Coleman,Reserve League North,,5,0,0,449
9,S. Coleman,League Cup,,0,0,0,0
8,S. Coleman,Premier Division,,26,1,0,"2,281"
7,S. Coleman,Premier Division,,26,0,0,"2,237"
6,S. Coleman,Premier Division,,4,0,0,239
19,S. Wagner,Super League,,26,12,2,"2,293"
19,S. Wagner,Chinese FA Cup,,0,0,0,0
18,S. Wagner,Bundesliga,,7,0,0,138
18,S. Wagner,Champions League,,3,0,0,18
18,S. Wagner,DFB Cup,,1,1,0,90
18,S. Wagner,DFL Supercup,,1,0,0,18
17,S. Wagner,DFB Cup,,1,0,0,3
17,S. Wagner,Bundesliga,,14,8,2,722
17,S. Wagner,Champions League,,3,1,0,50
17,S. Wagner,Bundesliga,,11,4,2,872
17,S. Wagner,Europe League,,3,1,1,270
17,S. Wagner,CL qual,,2,1,1,180
17,S. Wagner,DFB Cup,,1,0,0,90
16,S. Wagner,Bundesliga,,31,11,4,"2,601"
16,S. Wagner,DFB Cup,,2,1,0,210
15,S. Wagner,Bundesliga,,32,14,3,"2,477"
15,S. Wagner,DFB Cup,,2,1,1,179
14,S. Wagner,Bundesliga,,15,0,0,257
14,S. Wagner,DFB Cup,,1,0,0,12
14,S. Wagner,Regionalliga northeast,,1,0,1,87
13,S. Wagner,Bundesliga,,25,2,0,639
13,S. Wagner,Regionalliga northeast,,1,0,0,37
13,S. Wagner,DFB Cup,,2,0,0,146
12,S. Wagner,2nd Bundesliga,,31,5,2,"1,041"
12,S. Wagner,Regionalliga northeast,,1,1,0,45
12,S. Wagner,DFB Cup,,1,1,0,90
11,S. Wagner,Bundesliga,,11,0,1,813
11,S. Wagner,Bundesliga,,7,0,0,134
11,S. Wagner,3rd league,,9,3,0,752
11,S. Wagner,DFB Cup,,1,0,0,17
10,S. Wagner,Bundesliga,,23,5,0,"1,171"
10,S. Wagner,3rd league,,2,1,0,180
10,S. Wagner,Champions League,,3,0,0,113
10,S. Wagner,DFB Cup,,1,0,0,5
10,S. Wagner,CL qual,,1,0,0,72
9,S. Wagner,3rd league,,7,3,2,550
9,S. Wagner,2nd Bundesliga,,6,5,1,540
9,S. Wagner,DFB Cup,,1,0,1,90
8,S. Wagner,2nd Bundesliga,,30,7,8,"1,816"
8,S. Wagner,NRW League,,1,0,0,90
8,S. Wagner,DFB Cup,,2,2,0,127
7,S. Wagner,Regional league south,,13,0,1,594
7,S. Wagner,UEFA Cup,,1,0,0,27
7,S. Wagner,Bundesliga,,4,0,0,63
7,S. Wagner,League Cup,,3,1,1,92
6,S. Wagner,Regional league south,,30,2,0,"1,665"
5,S. Wagner,U19 Bundesliga finals,,3,0,0,257
5,S. Wagner,Regional league south,,1,0,0,69
5,S. Wagner,U19-Bundesliga South / Southwest,,19,15,0,"1,521"
4,S. Wagner,U19-Bundesliga South / Southwest,,23,3,0,"1,306"
21,A. Oukidja,Ligue 1,,4,0,0,0
20,A. Oukidja,Ligue 1,,34,0,0,8
20,A. Oukidja,Coupe de France,,1,0,0,1
19,A. Oukidja,Ligue 1,,27,0,0,8
19,A. Oukidja,Coupe de France,,0,0,0,0
19,A. Oukidja,Coupe de la Ligue,,0,0,0,0
18,A. Oukidja,Ligue 2,,38,0,0,19
18,A. Oukidja,Coupe de France,,0,0,0,0
18,A. Oukidja,Coupe de la Ligue,,0,0,0,0
17,A. Oukidja,Ligue 1,,17,0,0,3
17,A. Oukidja,Coupe de France,,2,0,0,1
17,A. Oukidja,Coupe de la Ligue,,2,0,0,0
16,A. Oukidja,Ligue 2,,36,0,0,12
16,A. Oukidja,Coupe de France,,0,0,0,0
16,A. Oukidja,Coupe de la Ligue,,0,0,0,0
15,A. Oukidja,National Championship,,34,0,0,21
14,A. Oukidja,National Championship,,22,0,0,9
14,A. Oukidja,Coupe de France,,1,0,0,0
13,A. Oukidja,Final round Jupiler Pro League,,6,0,0,2
13,A. Oukidja,Proximus League,,32,0,0,13
12,A. Oukidja,Final round Jupiler Pro League,,6,0,0,1
12,A. Oukidja,Proximus League,,31,0,0,12
11,A. Oukidja,National Championship,,13,0,0,1
10,A. Oukidja,Ligue 1,,0,0,0,0
10,A. Oukidja,Europe League,,0,0,0,0
10,A. Oukidja,Europa League Quali,,0,0,0,0
9,A. Oukidja,Ligue 1,,0,0,0,0
9,A. Oukidja,Europe League,,0,0,0,0
9,A. Oukidja,Europa League Quali,,0,0,0,0
8,A. Oukidja,Ligue 1,,0,0,0,0
7,A. Oukidja,Ligue 1,,0,0,0,0
5,A. Oukidja,Ligue 2,,1,0,0,0
20,Maurício,SL1 play-off,,6,1,0,398
20,Maurício,Super League 1,,19,1,1,"1,680"
20,Maurício,Kypello Elladas,,1,0,0,31
19,Maurício,SL1 play-off,,10,0,0,722
19,Maurício,Kypello Elladas,,6,0,0,486
19,Maurício,Super League 1,,17,0,0,959
18,Maurício,Super League,,20,5,1,"1,604"
18,Maurício,Kypello Elladas,,2,0,0,145
18,Maurício,Europe League,,4,0,1,348
18,Maurício,CL qual,,6,0,1,534
17,Maurício,Kypello Elladas,,5,1,0,364
17,Maurício,Super League,,22,3,1,"1,780"
17,Maurício,Premier League,,0,0,0,0
16,Maurício,Premier League,,19,0,0,934
16,Maurício,Europe League,,5,1,1,245
16,Maurício,Russian Cup,,2,0,0,180
16,Maurício,Russian Supercup,,1,1,0,90
15,Maurício,Premier League,,11,1,1,724
15,Maurício,Russian Cup,,2,1,0,46
15,Maurício,Champions League,,2,0,0,85
15,Maurício,Premier League,,17,3,1,"1,394"
15,Maurício,Russian Cup,,1,0,0,40
14,Maurício,Premier League,,28,4,5,"2,442"
14,Maurício,Russian Cup,,1,0,0,90
13,Maurício,Premier League,,29,6,4,"2,078"
13,Maurício,Russian Cup,,3,0,0,260
12,Maurício,Premier League,,23,2,2,"1,590"
12,Maurício,Russian Cup,,2,0,0,135
11,Maurício,Russian Cup,,3,0,0,249
10,Maurício,Premier League,,37,9,1,"3,078"
9,Maurício,Premier League,,28,4,3,2125
9,Maurício,Série A,,10,1,1,434
9,Maurício,Copa Sudamericana,,6,0,0,154
8,Maurício,Série A,,22,1,2,1205
8,Maurício,Libertadores,,11,0,0,354
7,Maurício,Série A,,20,0,2,"1,242"
20,D. Fettouhi,Professional League,,20,2,0,"1,459"
21,D. Fettouhi,AFC Champions League,,6,1,2,494
20,D. Fettouhi,King's Cup,,1,0,0,90
19,D. Fettouhi,King's Cup,,1,0,0,85
19,D. Fettouhi,Professional League,,30,3,5,"2,646"
18,D. Fettouhi,UAE Pro League,,22,6,2,"1,808"
17,D. Fettouhi,UAE Pro League,,21,2,2,"1,852"
16,D. Fettouhi,UAE Pro League,,20,1,4,"1,737"
14,D. Fettouhi,UAE Pro League,,23,2,1,"2,066"
13,D. Fettouhi,UAE Pro League,,9,0,2,597
12,D. Fettouhi,Pro League,,12,5,1,"1,072"
12,D. Fettouhi,Coupe de France,,1,0,0,36
12,D. Fettouhi,Ligue 2,,13,3,1,752
11,D. Fettouhi,Ligue 2,,32,5,2,"2,453"
11,D. Fettouhi,Coupe de France,,2,0,0,106
11,D. Fettouhi,Coupe de la Ligue,,1,0,0,90
10,D. Fettouhi,Ligue 2,,35,3,2,"2,667"
10,D. Fettouhi,Coupe de la Ligue,,1,0,0,90
9,D. Fettouhi,Ligue 2,,11,0,0,381
8,D. Fettouhi,Ligue 1,,1,0,0,24
21,J. Hernández,MLS,,10,10,2,866
20,J. Hernández,MLS,,11,1,0,667
20,J. Hernández,MLS is back,,1,1,0,90
19,J. Hernández,Copa del Rey,,2,0,0,91
19,J. Hernández,LaLiga,,9,1,0,446
19,J. Hernández,Europe League,,4,2,0,258
19,J. Hernández,Premier League,,2,1,0,107
18,J. Hernández,Premier League,,25,7,3,"1,334"
18,J. Hernández,FA Cup,,1,0,0,90
18,J. Hernández,EFL Cup,,2,1,0,149
17,J. Hernández,Premier League,,28,8,1,"1,543"
17,J. Hernández,FA Cup,,2,0,0,161
17,J. Hernández,EFL Cup,,3,0,0,111
16,J. Hernández,Bundesliga,,26,11,3,"1,815"
16,J. Hernández,Champions League,,8,1,0,652
16,J. Hernández,DFB Cup,,2,1,1,179
15,J. Hernández,Bundesliga,,28,17,3,"2,174"
15,J. Hernández,Europe League,,3,0,1,270
15,J. Hernández,DFB Cup,,3,4,1,205
15,J. Hernández,Champions League,,6,5,0,485
15,J. Hernández,Premier League,,1,0,0,23
15,J. Hernández,CL qual,,2,0,0,44
14,J. Hernández,LaLiga,,23,7,7,857
14,J. Hernández,Champions League,,8,1,0,320
14,J. Hernández,Copa del Rey,,2,1,2,180
14,J. Hernández,FIFA Club World Cup,,0,0,0,0
14,J. Hernández,Premier League,,1,0,0,45
14,J. Hernández,League Cup,,1,0,0,90
13,J. Hernández,Premier League,,24,4,3,840
13,J. Hernández,Champions League,,5,0,0,169
13,J. Hernández,League Cup,,5,4,1,319
13,J. Hernández,FA Cup,,1,1,0,90
12,J. Hernández,Premier League,,22,10,5,945
12,J. Hernández,FA Cup,,6,4,2,490
12,J. Hernández,Champions League,,6,3,0,441
12,J. Hernández,League Cup,,2,1,1,210
11,J. Hernández,Premier League,,28,10,2,"1,496"
11,J. Hernández,Europe League,,3,2,1,270
11,J. Hernández,FA Cup,,1,0,0,14
11,J. Hernández,Champions League,,4,0,0,201
10,J. Hernández,Champions League,,9,4,1,551
10,J. Hernández,Premier League,,27,13,2,"1,486"
10,J. Hernández,FA Cup,,5,1,2,370
10,J. Hernández,League Cup,,3,1,0,167
10,J. Hernández,Community Shield,,1,1,0,44
9,J. Hernández,Primera Clausura,,11,10,6,892
9,J. Hernández,Primera Apertura,,17,11,1,"1,403"
8,J. Hernández,Primera Clausura,,15,4,2,752
9,J. Hernández,Libertadores,,5,3,0,274
8,J. Hernández,InterLiga,,3,0,0,71
8,J. Hernández,Primera Apertura,,7,0,0,80
8,J. Hernández,North American Super League,,1,0,0,10
8,J. Hernández,Copa Sudamericana,,1,0,0,16
7,J. Hernández,Liguilla Clausura,,1,0,0,12
8,J. Hernández,Libertadores,,3,0,0,72
7,J. Hernández,Primera Clausura,,4,0,0,124
7,J. Hernández,Primera Apertura,,1,0,0,10
7,J. Hernández,North American Super League,,1,0,0,31
7,J. Hernández,Copa Sudamericana,,1,0,0,1
6,J. Hernández,Liguilla Clausura,,1,0,0,1
6,J. Hernández,Primera Clausura,,2,0,0,29
6,J. Hernández,Liguilla Apertura,,0,0,0,0
6,J. Hernández,Primera Apertura,,5,1,0,79
21,D. Da Silva,Ligue 1,,2,0,0,160
20,D. Da Silva,Ligue 1,,30,4,0,"2,665"
20,D. Da Silva,Coupe de France,,1,0,0,90
20,D. Da Silva,Champions League,,6,0,0,520
19,D. Da Silva,Ligue 1,,25,1,2,"2,245"
19,D. Da Silva,Coupe de France,,3,0,0,330
19,D. Da Silva,Coupe de la Ligue,,0,0,0,0
19,D. Da Silva,Europe League,,3,0,0,270
19,D. Da Silva,Trophée des Champions,,1,0,0,90
18,D. Da Silva,Ligue 1,,33,2,1,"2,875"
18,D. Da Silva,Coupe de France,,4,0,0,420
18,D. Da Silva,Europe League,,10,0,0,900
18,D. Da Silva,Coupe de la Ligue,,2,1,0,210
17,D. Da Silva,Ligue 1,,32,4,0,"2,838"
17,D. Da Silva,Coupe de France,,3,0,0,300
17,D. Da Silva,Coupe de la Ligue,,1,0,0,58
16,D. Da Silva,Ligue 1,,36,0,1,"3,169"
16,D. Da Silva,Coupe de France,,0,0,0,0
16,D. Da Silva,Coupe de la Ligue,,0,0,0,0
15,D. Da Silva,Ligue 1,,28,2,0,"2,483"
15,D. Da Silva,Coupe de la Ligue,,1,0,0,90
14,D. Da Silva,Ligue 1,,35,1,1,"3,077"
14,D. Da Silva,Coupe de France,,1,0,0,120
14,D. Da Silva,Coupe de la Ligue,,0,0,0,0
13,D. Da Silva,Ligue 2,,33,0,2,"2,970"
13,D. Da Silva,Coupe de la Ligue,,1,0,0,90
12,D. Da Silva,National Championship,,35,0,0,"3,150"
12,D. Da Silva,Coupe de France,,2,0,0,174
11,D. Da Silva,National Championship,,29,0,0,"2,411"
10,D. Da Silva,National Championship,,1,0,0,90
10,D. Da Silva,Coupe de France,,0,0,0,0
10,D. Da Silva,Ligue 2,,0,0,0,0
10,D. Da Silva,Coupe de la Ligue,,0,0,0,0
9,D. Da Silva,Ligue 2,,8,1,0,571
8,D. Da Silva,Coupe de la Ligue,,1,0,0,90
7,D. Da Silva,Ligue 2,,14,0,0,"1,219"
7,D. Da Silva,Coupe de France,,1,0,0,5
7,D. Da Silva,Coupe de la Ligue,,0,0,0,0
6,D. Da Silva,Ligue 2,,3,0,0,262
6,D. Da Silva,Coupe de France,,1,0,0,120
21,L. Stindl,Bundesliga,,3,0,1,270
21,L. Stindl,DFB Cup,,1,1,0,90
20,L. Stindl,Bundesliga,,30,14,10,"1,968"
20,L. Stindl,Champions League,,8,2,3,538
20,L. Stindl,DFB Cup,,4,1,2,314
19,L. Stindl,Bundesliga,,25,9,3,"1,433"
19,L. Stindl,Europe League,,4,2,0,189
19,L. Stindl,DFB Cup,,1,0,0,90
18,L. Stindl,Bundesliga,,21,3,3,"1,512"
18,L. Stindl,DFB Cup,,1,0,0,90
17,L. Stindl,Bundesliga,,31,6,4,"2,731"
17,L. Stindl,DFB Cup,,3,0,1,270
16,L. Stindl,Bundesliga,,30,11,4,"2,596"
16,L. Stindl,DFB Cup,,4,2,0,387
16,L. Stindl,Europe League,,3,3,1,270
16,L. Stindl,Champions League,,5,2,0,387
16,L. Stindl,CL qual,,2,0,2,171
15,L. Stindl,Bundesliga,,30,7,11,"2,597"
15,L. Stindl,DFB Cup,,3,4,2,270
15,L. Stindl,Champions League,,6,3,2,517
14,L. Stindl,Bundesliga,,21,10,4,"1,798"
14,L. Stindl,DFB Cup,,1,1,0,86
13,L. Stindl,Bundesliga,,31,3,2,"2,657"
13,L. Stindl,DFB Cup,,2,0,1,180
12,L. Stindl,Bundesliga,,18,2,6,"1,512"
12,L. Stindl,Europe League,,7,2,3,578
12,L. Stindl,DFB Cup,,2,0,0,165
12,L. Stindl,Europa League Quali,,2,0,0,180
11,L. Stindl,Bundesliga,,28,2,4,"2,497"
11,L. Stindl,Europe League,,13,2,3,"1,085"
11,L. Stindl,DFB Cup,,2,2,0,184
10,L. Stindl,Bundesliga,,33,2,5,"2,228"
10,L. Stindl,DFB Cup,,1,0,0,74
9,L. Stindl,2nd Bundesliga,,33,9,6,"2,723"
9,L. Stindl,Regional league south,,1,0,0,90
9,L. Stindl,DFB Cup,,2,0,0,175
8,L. Stindl,Bundesliga,,21,4,3,"1,320"
8,L. Stindl,Regional league south,,10,5,4,898
8,L. Stindl,DFB Cup,,1,0,0,19
7,L. Stindl,Regional league south,,26,4,1,"2,203"
7,L. Stindl,Bundesliga,,2,0,0,17
6,L. Stindl,Regional league south,,12,2,0,726
6,L. Stindl,U19-Bundesliga South / Southwest,,15,4,0,"1,218"
5,L. Stindl,U19-Bundesliga South / Southwest,,24,5,0,"1,842"
20,B. Moukandjo,SL1 play-out,,5,0,0,182
20,B. Moukandjo,Super League 1,,5,0,1,219
20,B. Moukandjo,Kypello Elladas,,1,0,0,62
19,B. Moukandjo,Ligue 2,,2,0,0,111
19,B. Moukandjo,Ligue 2,,3,0,0,43
19,B. Moukandjo,Coupe de France,,1,1,0,90
18,B. Moukandjo,Super League,,18,7,2,"1,462"
18,B. Moukandjo,Chinese FA Cup,,1,0,0,120
17,B. Moukandjo,Super League,,10,7,4,880
17,B. Moukandjo,Chinese FA Cup,,1,1,0,63
16,B. Moukandjo,Rel. Ligue 1,,2,0,1,116
16,B. Moukandjo,Ligue 1,,25,13,1,2008
16,B. Moukandjo,Coupe de France,,0,0,0,0
15,B. Moukandjo,Ligue 1,,31,13,2,"2,232"
15,B. Moukandjo,Coupe de France,,3,0,0,140
15,B. Moukandjo,Coupe de la Ligue,,0,0,0,0
14,B. Moukandjo,Ligue 1,,31,8,1,"1,884"
14,B. Moukandjo,Coupe de la Ligue,,1,0,0,120
13,B. Moukandjo,Ligue 2,,27,9,2,"1,927"
13,B. Moukandjo,Coupe de la Ligue,,0,0,0,0
12,B. Moukandjo,Ligue 1,,35,5,2,"2,224"
12,B. Moukandjo,Coupe de France,,3,3,0,255
12,B. Moukandjo,Coupe de la Ligue,,1,1,0,31
11,B. Moukandjo,Ligue 1,,27,5,1,"1,425"
11,B. Moukandjo,Coupe de France,,1,0,0,45
11,B. Moukandjo,Coupe de la Ligue,,1,0,0,90
10,B. Moukandjo,Ligue 1,,16,3,1,"1,150"
10,B. Moukandjo,Ligue 2,,15,4,0,1166
10,B. Moukandjo,Coupe de France,,2,1,0,180
10,B. Moukandjo,Coupe de la Ligue,,2,0,1,197
9,B. Moukandjo,Ligue 2,,31,3,2,"2,310"
9,B. Moukandjo,Coupe de la Ligue,,1,0,0,24
21,K. Théophile-Catherine,CL qual,,8,0,0,718
21,K. Théophile-Catherine,1.HNL,,2,0,0,180
20,K. Théophile-Catherine,1.HNL,,27,1,0,2134
20,K. Théophile-Catherine,Hrvatski nogometni kup,,4,0,0,363
20,K. Théophile-Catherine,Europe League,,10,0,1,922
20,K. Théophile-Catherine,Europa League Quali,,1,0,0,90
20,K. Théophile-Catherine,CL qual,,1,0,0,51
19,K. Théophile-Catherine,1.HNL,,21,1,0,"1,871"
19,K. Théophile-Catherine,Hrvatski nogometni kup,,0,0,0,0
19,K. Théophile-Catherine,Champions League,,5,0,2,436
19,K. Théophile-Catherine,CL qual,,0,0,0,0
18,K. Théophile-Catherine,1.HNL,,14,1,0,"1,260"
18,K. Théophile-Catherine,Hrvatski nogometni kup,,3,0,0,258
18,K. Théophile-Catherine,Europe League,,9,0,0,840
18,K. Théophile-Catherine,CL qual,,6,0,0,540
17,K. Théophile-Catherine,Ligue 1,,25,0,0,2164
17,K. Théophile-Catherine,Coupe de France,,1,0,1,90
17,K. Théophile-Catherine,Coupe de la Ligue,,1,0,0,120
16,K. Théophile-Catherine,Ligue 1,,31,0,2,"2,729"
16,K. Théophile-Catherine,Europe League,,6,0,0,540
16,K. Théophile-Catherine,Coupe de France,,1,0,0,90
16,K. Théophile-Catherine,Europa League Quali,,4,0,0,360
15,K. Théophile-Catherine,Ligue 1,,22,1,1,"1,980"
15,K. Théophile-Catherine,Coupe de France,,3,0,0,330
15,K. Théophile-Catherine,Europe League,,2,0,0,180
15,K. Théophile-Catherine,Europa League Quali,,4,0,0,282
14,K. Théophile-Catherine,Ligue 1,,31,0,1,"2,704"
14,K. Théophile-Catherine,Coupe de France,,4,0,0,420
14,K. Théophile-Catherine,Coupe de la Ligue,,2,0,0,98
14,K. Théophile-Catherine,Europe League,,5,0,0,480
14,K. Théophile-Catherine,League Cup,,1,0,0,90
14,K. Théophile-Catherine,Championship,,0,0,0,0
13,K. Théophile-Catherine,Premier League,,28,0,0,"2,355"
13,K. Théophile-Catherine,FA Cup,,2,0,0,180
13,K. Théophile-Catherine,Ligue 1,,3,0,0,270
12,K. Théophile-Catherine,Ligue 1,,29,1,2,"2,610"
12,K. Théophile-Catherine,Coupe de la Ligue,,3,0,0,270
12,K. Théophile-Catherine,Coupe de France,,1,0,0,90
11,K. Théophile-Catherine,Ligue 1,,36,0,0,"3,240"
11,K. Théophile-Catherine,Coupe de France,,4,0,0,360
11,K. Théophile-Catherine,Europe League,,4,0,0,283
11,K. Théophile-Catherine,Europa League Quali,,2,0,1,180
10,K. Théophile-Catherine,Ligue 1,,26,2,0,"2,265"
10,K. Théophile-Catherine,Coupe de France,,3,0,0,300
10,K. Théophile-Catherine,Coupe de la Ligue,,1,0,0,90
9,K. Théophile-Catherine,Ligue 1,,2,0,0,92
9,K. Théophile-Catherine,Coupe de France,,0,0,0,0
9,K. Théophile-Catherine,Coupe de la Ligue,,1,0,0,120
8,K. Théophile-Catherine,Ligue 1,,0,0,0,0
8,K. Théophile-Catherine,Coupe de la Ligue,,2,0,1,202
21,Y. Salibur,Super Lig,,1,0,0,0
20,Y. Salibur,Super Lig,,22,0,0,798
19,Y. Salibur,LaLiga,,4,0,0,78
18,Y. Salibur,Ligue 1,,21,1,4,882
18,Y. Salibur,Coupe de France,,1,0,0,90
18,Y. Salibur,Coupe de la Ligue,,1,0,0,120
18,Y. Salibur,Ligue 1,,1,0,0,15
17,Y. Salibur,Ligue 1,,22,3,1,"1,530"
17,Y. Salibur,Coupe de France,,2,0,0,100
16,Y. Salibur,Ligue 1,,35,8,6,"2,827"
16,Y. Salibur,Coupe de France,,2,0,0,162
15,Y. Salibur,Ligue 1,,30,7,6,"2,341"
15,Y. Salibur,Coupe de France,,1,1,0,90
15,Y. Salibur,Coupe de la Ligue,,3,2,0,350
14,Y. Salibur,Ligue 1,,5,0,0,37
14,Y. Salibur,Coupe de France,,2,0,0,55
14,Y. Salibur,Coupe de la Ligue,,1,0,0,17
14,Y. Salibur,Ligue 2,,7,0,0,382
13,Y. Salibur,Ligue 2,,33,7,0,"2,692"
13,Y. Salibur,Coupe de la Ligue,,2,0,0,102
12,Y. Salibur,Ligue 2,,30,3,6,"2,228"
12,Y. Salibur,Coupe de la Ligue,,1,0,0,35
11,Y. Salibur,Ligue 2,,27,2,0,"1,352"
11,Y. Salibur,Coupe de France,,1,0,0,34
11,Y. Salibur,Coupe de la Ligue,,1,0,0,90
10,Y. Salibur,Ligue 2,,9,0,1,446
10,Y. Salibur,Coupe de France,,1,0,0,27
9,Y. Salibur,Coupe de France,,1,0,0,34
9,Y. Salibur,Europe League,,0,0,0,0
9,Y. Salibur,Ligue 1,,0,0,0,0
8,Y. Salibur,Ligue 1,,0,0,0,0
8,Y. Salibur,Coupe de France,,1,0,0,14
21,V. van Dijk,Premier League,,3,0,0,270
20,V. van Dijk,Premier League,,5,1,0,371
20,V. van Dijk,EFL Cup,,2,0,0,106
20,V. van Dijk,Community Shield,,1,0,0,90
19,V. van Dijk,Premier League,,38,5,1,"3,420"
19,V. van Dijk,Champions League,,8,0,0,750
19,V. van Dijk,FA Cup,,1,0,0,90
19,V. van Dijk,FIFA Club World Cup,,1,0,0,120
19,V. van Dijk,UEFA Super Cup,,1,0,0,120
19,V. van Dijk,Community Shield,,1,0,1,120
18,V. van Dijk,Champions League,,12,2,2,"1,080"
18,V. van Dijk,Premier League,,38,4,2,"3,385"
17,V. van Dijk,Champions League,,6,0,0,540
17,V. van Dijk,Premier League,,14,0,0,"1,260"
17,V. van Dijk,FA Cup,,2,1,0,180
17,V. van Dijk,Premier League,,12,0,0,993
17,V. van Dijk,Premier League 2,,2,1,0,180
16,V. van Dijk,Premier League,,21,1,0,"1,854"
16,V. van Dijk,EFL Cup,,2,0,0,180
16,V. van Dijk,FA Cup,,1,1,0,90
16,V. van Dijk,Europe League,,6,2,0,540
15,V. van Dijk,Premier League,,34,3,0,"3,060"
15,V. van Dijk,FA Cup,,1,0,0,90
15,V. van Dijk,League Cup,,3,0,0,259
15,V. van Dijk,Premiership,,5,0,0,450
15,V. van Dijk,CL qual,,5,0,0,450
14,V. van Dijk,Premiership,,35,4,6,"3,150"
14,V. van Dijk,SFA Cup,,5,4,0,401
14,V. van Dijk,League Cup,,4,0,0,360
14,V. van Dijk,Europe League,,8,0,0,666
14,V. van Dijk,CL qual,,6,2,0,540
13,V. van Dijk,Premiership,,36,5,1,"3,072"
13,V. van Dijk,SFA Cup,,2,0,0,180
13,V. van Dijk,Champions League,,6,0,0,540
13,V. van Dijk,League Cup,,1,0,0,120
13,V. van Dijk,CL qual,,2,0,0,90
12,V. van Dijk,Playoffs Conference League,,2,0,0,180
12,V. van Dijk,Eredivisie,,32,2,3,"2,781"
12,V. van Dijk,TOTO KNVB beker,,3,0,0,270
11,V. van Dijk,Eredivisie,,23,3,1,"1,962"
11,V. van Dijk,TOTO KNVB beker,,1,0,0,120
11,V. van Dijk,Beloften Eredivisie,,2,0,0,180
10,V. van Dijk,Playoffs Conference League,,3,2,1,160
10,V. van Dijk,Eredivisie,,2,0,0,31
21,M. Wolf,Bundesliga,,1,0,0,17
21,M. Wolf,DFL Supercup,,1,0,0,6
20,M. Wolf,Relegation 1st Bundesliga,,2,0,0,138
20,M. Wolf,Bundesliga,,31,2,5,"2,561"
20,M. Wolf,DFB Cup,,2,0,0,123
20,M. Wolf,DFL Supercup,,0,0,0,0
20,M. Wolf,Bundesliga,,0,0,0,0
20,M. Wolf,DFB Cup,,0,0,0,0
19,M. Wolf,Bundesliga,,21,1,3,"1,411"
19,M. Wolf,DFB Cup,,2,0,2,195
19,M. Wolf,Bundesliga,,0,0,0,0
19,M. Wolf,DFB Cup,,0,0,0,0
19,M. Wolf,DFL Supercup,,1,0,0,9
18,M. Wolf,Bundesliga,,16,1,0,830
18,M. Wolf,Champions League,,4,0,0,211
18,M. Wolf,DFB Cup,,2,0,0,187
17,M. Wolf,DFB Cup,,6,1,2,422
17,M. Wolf,Bundesliga,,28,5,9,"2,368"
16,M. Wolf,DFB Cup,,1,0,0,13
16,M. Wolf,Bundesliga,,3,0,0,168
16,M. Wolf,Regionalliga North,,9,1,1,622
16,M. Wolf,DFB Cup,,0,0,0,0
16,M. Wolf,2nd Bundesliga,,0,0,0,0
15,M. Wolf,Regionalliga North,,6,1,2,388
15,M. Wolf,Bundesliga,,2,0,0,141
15,M. Wolf,2nd Bundesliga,,16,3,2,"1,099"
15,M. Wolf,DFB Cup,,2,0,1,111
14,M. Wolf,Relegation 2nd Bundesliga,,2,0,0,69
14,M. Wolf,2nd Bundesliga,,23,2,2,1255
14,M. Wolf,DFB Cup,,1,0,0,23
14,M. Wolf,Regionalliga Bayern,,10,3,4,813
13,M. Wolf,U19-Bundesliga South / Southwest,,26,9,9,"2,285"
12,M. Wolf,U19-Bundesliga South / Southwest,,23,1,0,"1,523"
11,M. Wolf,U17 Bundesliga finals,,0,0,0,0
11,M. Wolf,U17-Bundesliga South / Southwest,,17,3,0,403
21,J. Geis,2nd Bundesliga,,5,0,1,425
21,J. Geis,DFB Cup,,1,0,0,90
20,J. Geis,2nd Bundesliga,,34,3,9,"2,913"
20,J. Geis,DFB Cup,,1,0,0,44
19,J. Geis,Relegation 2nd Bundesliga,,0,0,0,0
19,J. Geis,2nd Bundesliga,,29,5,11,"2,463"
19,J. Geis,DFB Cup,,2,0,0,210
18,J. Geis,2nd Bundesliga,,14,0,5,"1,122"
18,J. Geis,Oberliga Westfalen,,1,0,1,90
17,J. Geis,LaLiga,,14,0,1,670
17,J. Geis,Champions League,,2,0,0,91
17,J. Geis,Copa del Rey,,4,0,0,270
17,J. Geis,Bundesliga,,0,0,0,0
17,J. Geis,DFB Cup,,0,0,0,0
16,J. Geis,Bundesliga,,18,0,0,"1,332"
16,J. Geis,Europe League,,5,0,0,351
16,J. Geis,DFB Cup,,1,1,0,90
15,J. Geis,Bundesliga,,28,2,5,"2,334"
15,J. Geis,Europe League,,8,1,2,548
15,J. Geis,DFB Cup,,1,1,1,76
14,J. Geis,Bundesliga,,34,4,4,"2,970"
14,J. Geis,DFB Cup,,1,1,1,46
14,J. Geis,Europa League Quali,,2,0,0,180
13,J. Geis,Bundesliga,,33,1,7,"2,796"
13,J. Geis,DFB Cup,,1,0,0,90
12,J. Geis,Bundesliga,,8,1,1,520
12,J. Geis,Regionalliga Bayern,,11,2,0,934
11,J. Geis,U19-Bundesliga South / Southwest,,5,4,0,450
11,J. Geis,2nd Bundesliga,,3,0,0,114
11,J. Geis,Regional league south,,17,2,2,"1,454"
11,J. Geis,DFB Cup,,0,0,0,0
10,J. Geis,2nd Bundesliga,,6,0,0,227
10,J. Geis,U19-Bundesliga South / Southwest,,15,3,0,"1,224"
10,J. Geis,DFB Cup of Juniors,,1,0,0,90
9,J. Geis,U19-Bundesliga South / Southwest,,21,3,0,"1,890"
9,J. Geis,U17-Bundesliga South / Southwest,,8,1,0,640
8,J. Geis,U17-Bundesliga South / Southwest,,4,2,0,283
17,M. Richards,EFL Cup,,0,0,0,0
16,M. Richards,Championship,,2,0,0,128
16,M. Richards,EFL Cup,,1,0,0,90
15,M. Richards,Premier League,,24,1,1,"2,045"
15,M. Richards,FA Cup,,3,1,0,263
15,M. Richards,League Cup,,1,0,0,90
14,M. Richards,Series A,,10,0,0,564
14,M. Richards,Europe League,,7,0,1,478
14,M. Richards,Coppa Italia,,2,0,0,180
14,M. Richards,Community Shield,,1,0,0,14
13,M. Richards,Premier League,,2,0,0,161
13,M. Richards,FA Cup,,3,0,1,212
13,M. Richards,Champions League,,3,0,0,196
13,M. Richards,League Cup,,2,0,1,173
12,M. Richards,Premier League,,7,0,0,618
12,M. Richards,U21 PL qualification group 2,,2,0,0,135
12,M. Richards,Champions League,,1,0,0,90
11,M. Richards,Premier League,,29,1,6,"2,040"
11,M. Richards,Europe League,,3,0,0,270
11,M. Richards,League Cup,,2,0,1,180
11,M. Richards,FA Cup,,1,0,0,90
11,M. Richards,Champions League,,1,0,0,90
11,M. Richards,Community Shield,,1,0,0,90
10,M. Richards,Premier League,,18,1,1,"1,401"
10,M. Richards,FA Cup,,5,2,1,442
10,M. Richards,Europe League,,7,0,0,549
10,M. Richards,Europa League Quali,,1,0,0,90
9,M. Richards,Premier League,,23,2,2,"1,647"
9,M. Richards,FA Cup,,2,0,0,165
9,M. Richards,League Cup,,4,0,0,360
8,M. Richards,Premier League,,34,1,1,"2,710"
8,M. Richards,UEFA Cup,,11,0,1,"1,020"
8,M. Richards,FA Cup,,1,0,0,90
8,M. Richards,UEFA-Cup Quali,,4,0,0,360
7,M. Richards,Premier League,,25,0,0,"2,250"
7,M. Richards,FA Cup,,2,0,0,180
7,M. Richards,League Cup,,2,0,0,163
6,M. Richards,Premier League,,29,1,0,"2,366"
6,M. Richards,FA Cup,,5,0,1,450
6,M. Richards,League Cup,,1,0,0,90
5,M. Richards,Premier League,,13,0,0,1007
5,M. Richards,FA Cup,,3,1,0,270
5,M. Richards,League Cup,,0,0,0,0
21,Cesc Fàbregas,Ligue 1,,2,0,0,36
21,Cesc Fàbregas,CL qual,,2,0,0,37
20,Cesc Fàbregas,Ligue 1,,21,2,3,871
20,Cesc Fàbregas,Coupe de France,,5,1,3,281
19,Cesc Fàbregas,Ligue 1,,18,0,3,934
19,Cesc Fàbregas,Coupe de France,,2,0,0,91
19,Cesc Fàbregas,Coupe de la Ligue,,2,0,0,72
18,Cesc Fàbregas,Ligue 1,,13,1,0,968
18,Cesc Fàbregas,Coupe de la Ligue,,1,0,0,120
18,Cesc Fàbregas,Coupe de France,,1,0,0,20
18,Cesc Fàbregas,FA Cup,,1,0,0,85
18,Cesc Fàbregas,Premier League,,6,0,0,175
18,Cesc Fàbregas,EFL Cup,,3,1,0,270
18,Cesc Fàbregas,Europe League,,5,0,2,385
18,Cesc Fàbregas,Community Shield,,1,0,0,60
17,Cesc Fàbregas,FA Cup,,4,0,1,302
17,Cesc Fàbregas,Premier League,,32,2,4,"2,310"
17,Cesc Fàbregas,Champions League,,8,1,1,691
17,Cesc Fàbregas,EFL Cup,,4,0,3,264
17,Cesc Fàbregas,Community Shield,,1,0,0,120
16,Cesc Fàbregas,FA Cup,,6,0,0,324
16,Cesc Fàbregas,Premier League,,29,5,12,"1,328"
16,Cesc Fàbregas,Premier League 2,,1,0,2,90
16,Cesc Fàbregas,EFL Cup,,2,2,1,210
15,Cesc Fàbregas,Premier League,,37,5,7,"2,897"
15,Cesc Fàbregas,FA Cup,,4,0,1,360
15,Cesc Fàbregas,Champions League,,7,1,1,604
15,Cesc Fàbregas,Community Shield,,1,0,0,90
14,Cesc Fàbregas,Premier League,,34,3,19,"2,890"
14,Cesc Fàbregas,Champions League,,8,2,4,695
14,Cesc Fàbregas,League Cup,,4,0,1,318
14,Cesc Fàbregas,FA Cup,,1,0,0,20
13,Cesc Fàbregas,LaLiga,,36,8,14,"2,470"
13,Cesc Fàbregas,Copa del Rey,,8,4,2,619
13,Cesc Fàbregas,Champions League,,9,1,1,561
13,Cesc Fàbregas,Supercopa,,2,0,0,117
12,Cesc Fàbregas,LaLiga,,32,11,12,"2,316"
12,Cesc Fàbregas,Champions League,,8,1,0,529
12,Cesc Fàbregas,Copa del Rey,,7,2,1,400
12,Cesc Fàbregas,Supercopa,,1,0,0,8
11,Cesc Fàbregas,Copa del Rey,,8,3,7,600
11,Cesc Fàbregas,LaLiga,,28,9,10,"1,959"
11,Cesc Fàbregas,Champions League,,9,1,3,661
11,Cesc Fàbregas,FIFA Club World Cup,,1,1,0,90
11,Cesc Fàbregas,UEFA Super Cup,,1,1,0,9
11,Cesc Fàbregas,Supercopa,,1,0,0,8
10,Cesc Fàbregas,Premier League,,25,3,14,"1,883"
10,Cesc Fàbregas,Champions League,,5,3,2,390
10,Cesc Fàbregas,FA Cup,,3,2,0,71
10,Cesc Fàbregas,League Cup,,3,1,1,200
9,Cesc Fàbregas,Champions League,,7,4,2,606
9,Cesc Fàbregas,Premier League,,27,15,15,"2,192"
9,Cesc Fàbregas,FA Cup,,1,0,1,90
9,Cesc Fàbregas,CL qual,,1,0,1,90
8,Cesc Fàbregas,Premier League,,22,3,10,"1,902"
8,Cesc Fàbregas,Champions League,,9,0,6,810
8,Cesc Fàbregas,FA Cup,,1,0,0,90
8,Cesc Fàbregas,CL qual,,1,0,0,68
7,Cesc Fàbregas,Premier League,,32,7,20,"2,859"
7,Cesc Fàbregas,Champions League,,8,4,2,686
7,Cesc Fàbregas,FA Cup,,2,0,0,160
7,Cesc Fàbregas,League Cup,,1,0,0,71
7,Cesc Fàbregas,CL qual,,2,2,0,113
6,Cesc Fàbregas,Premier League,,38,2,7,"3,183"
6,Cesc Fàbregas,Champions League,,8,0,1,718
6,Cesc Fàbregas,League Cup,,4,0,1,311
6,Cesc Fàbregas,FA Cup,,2,0,1,180
6,Cesc Fàbregas,CL qual,,2,2,0,180
5,Cesc Fàbregas,Champions League,,13,1,1,944
5,Cesc Fàbregas,Premier League,,35,3,5,"2,652"
5,Cesc Fàbregas,League Cup,,1,0,0,18
5,Cesc Fàbregas,Community Shield,,1,1,0,90
4,Cesc Fàbregas,FA Cup,,6,0,1,410
4,Cesc Fàbregas,Premier League,,33,2,2,2123
4,Cesc Fàbregas,Champions League,,5,1,0,387
4,Cesc Fàbregas,League Cup,,1,0,0,90
4,Cesc Fàbregas,Community Shield,,1,0,0,87
3,Cesc Fàbregas,Champions League,,0,0,0,0
3,Cesc Fàbregas,League Cup,,3,1,0,192
19,D. Wheater,League Two,,34,4,0,"2,962"
19,D. Wheater,FA Cup,,1,0,0,90
19,D. Wheater,EFL Trophy,,0,0,0,0
18,D. Wheater,Championship,,33,0,2,"2,863"
18,D. Wheater,FA Cup,,1,0,0,90
17,D. Wheater,Championship,,33,1,0,"2,865"
17,D. Wheater,FA Cup,,1,0,0,90
17,D. Wheater,EFL Cup,,1,0,0,44
16,D. Wheater,League One,,43,9,0,"3,870"
16,D. Wheater,FA Cup,,4,0,0,360
16,D. Wheater,EFL Trophy,,2,0,0,180
15,D. Wheater,Championship,,28,1,1,"2,401"
15,D. Wheater,FA Cup,,1,0,0,90
14,D. Wheater,Championship,,17,1,1,1008
14,D. Wheater,FA Cup,,3,0,0,187
14,D. Wheater,U21 PL,,3,0,0,270
14,D. Wheater,League Cup,,1,0,0,120
13,D. Wheater,Championship,,23,1,2,"1,858"
12,D. Wheater,Championship,,4,0,0,18
12,D. Wheater,U21 PL qualification group 2,,1,0,0,65
11,D. Wheater,Premier League,,24,2,2,"2,009"
11,D. Wheater,FA Cup,,4,1,0,360
11,D. Wheater,League Cup,,2,0,0,180
11,D. Wheater,Reserve League,,1,0,0,90
10,D. Wheater,Premier League,,7,0,0,536
10,D. Wheater,FA Cup,,4,0,0,360
10,D. Wheater,Championship,,24,3,0,"2,160"
10,D. Wheater,League Cup,,2,0,0,180
9,D. Wheater,Championship,,42,1,0,"3,780"
9,D. Wheater,FA Cup,,1,0,0,90
9,D. Wheater,League Cup,,1,0,0,120
8,D. Wheater,Premier League,,32,1,2,"2,778"
8,D. Wheater,FA Cup,,5,1,0,450
8,D. Wheater,League Cup,,1,0,0,90
7,D. Wheater,Premier League,,34,3,0,"3,015"
7,D. Wheater,FA Cup,,4,1,0,360
7,D. Wheater,League Cup,,2,0,0,180
6,D. Wheater,Premier League,,2,1,0,92
6,D. Wheater,League Two,,15,2,1,"1,350"
6,D. Wheater,Championship,,1,0,0,90
5,D. Wheater,Premier League,,6,0,0,394
5,D. Wheater,League One,,7,1,0,585
4,D. Wheater,UEFA Cup,,1,0,0,1
18,M. Dabo,Coupe de France,,0,0,0,0
18,M. Dabo,Coupe de la Ligue,,0,0,0,0
18,M. Dabo,Ligue 1,,0,0,0,0
17,M. Dabo,Coupe de France,,0,0,0,0
16,M. Dabo,Coupe de France,,1,0,0,45
16,M. Dabo,Ligue 1,,2,0,0,147
15,M. Dabo,Ligue 1,,17,0,0,"1,065"
15,M. Dabo,Coupe de France,,1,0,0,120
14,M. Dabo,Ligue 1,,13,0,0,"1,024"
14,M. Dabo,Coupe de France,,2,1,0,134
14,M. Dabo,Europe League,,0,0,0,0
13,M. Dabo,Ligue 1,,10,0,0,544
13,M. Dabo,Coupe de la Ligue,,1,0,0,54
13,M. Dabo,Europe League,,4,0,0,322
13,M. Dabo,CL qual,,1,0,0,61
12,M. Dabo,Ligue 1,,30,0,1,"2,572"
12,M. Dabo,Europe League,,1,0,0,43
12,M. Dabo,Coupe de France,,1,0,0,120
12,M. Dabo,Coupe de la Ligue,,1,0,0,90
12,M. Dabo,Trophée des Champions,,1,0,0,82
11,M. Dabo,Ligue 1,,15,0,2,961
11,M. Dabo,Coupe de France,,5,0,0,318
11,M. Dabo,Coupe de la Ligue,,3,0,0,219
11,M. Dabo,Champions League,,3,0,0,190
10,M. Dabo,LaLiga,,24,0,1,"1,951"
10,M. Dabo,Europe League,,6,0,0,470
10,M. Dabo,Copa del Rey,,3,0,1,270
10,M. Dabo,CL qual,,2,0,0,166
10,M. Dabo,Supercopa,,2,0,0,180
9,M. Dabo,Ligue 1,,25,0,0,"1,909"
9,M. Dabo,Coupe de France,,1,0,0,90
9,M. Dabo,Coupe de la Ligue,,0,0,0,0
8,M. Dabo,Ligue 1,,24,1,0,"2,069"
8,M. Dabo,UEFA Cup,,5,0,0,380
8,M. Dabo,Coupe de France,,1,0,0,90
8,M. Dabo,Coupe de la Ligue,,0,0,0,0
7,M. Dabo,Ligue 1,,32,0,0,"2,738"
7,M. Dabo,Coupe de France,,1,0,0,120
7,M. Dabo,Coupe de la Ligue,,1,0,0,43
6,M. Dabo,Ligue 1,,14,0,0,"1,179"
6,M. Dabo,Coupe de France,,1,0,0,90
6,M. Dabo,Coupe de la Ligue,,1,0,0,75
5,M. Dabo,Ligue 1,,18,0,0,883
5,M. Dabo,Coupe de France,,1,0,0,14
5,M. Dabo,Coupe de la Ligue,,1,0,0,4
5,M. Dabo,UI Cup,,2,1,0,44
4,M. Dabo,Ligue 1,,3,0,0,47
21,N. Mihaylov,efbet league,,5,0,0,0
20,N. Mihaylov,Efbet liga - relegation gr.,,3,0,0,1
20,N. Mihaylov,efbet league,,15,0,0,4
20,N. Mihaylov,Bulgarian Cup,,0,0,0,0
19,N. Mihaylov,Efbet liga - Championship gr.,,0,0,0,0
19,N. Mihaylov,efbet league,,0,0,0,0
19,N. Mihaylov,Bulgarian Cup,,1,0,0,0
19,N. Mihaylov,Europa League Quali,,0,0,0,0
18,N. Mihaylov,Playoffs Efbet Liga,,1,0,0,1
18,N. Mihaylov,Efbet liga - Championship gr.,,9,0,0,2
18,N. Mihaylov,efbet league,,6,0,0,3
17,N. Mihaylov,Protathlima Cyta championship round,,5,0,0,0
17,N. Mihaylov,Protathlima Cyta,,5,0,0,2
16,N. Mihaylov,1.Lig,,29,0,0,7
16,N. Mihaylov,Türkiye Kupasi,,0,0,0,0
15,N. Mihaylov,Super Lig,,3,0,0,0
14,N. Mihaylov,Super Lig,,6,0,0,0
14,N. Mihaylov,Türkiye Kupasi,,8,0,0,2
13,N. Mihaylov,Series A,,0,0,0,0
13,N. Mihaylov,Coppa Italia,,1,0,0,0
12,N. Mihaylov,Eredivisie,,26,0,0,11
12,N. Mihaylov,Europe League,,6,0,0,1
12,N. Mihaylov,Europa League Quali,,3,0,0,2
11,N. Mihaylov,Eredivisie,,25,0,0,7
11,N. Mihaylov,Europe League,,9,0,0,4
11,N. Mihaylov,TOTO KNVB beker,,1,0,0,0
11,N. Mihaylov,CL qual,,4,0,0,2
11,N. Mihaylov,Johan Cruijff Schaal,,1,0,0,0
10,N. Mihaylov,Eredivisie,,31,0,0,13
10,N. Mihaylov,TOTO KNVB beker,,0,0,0,0
10,N. Mihaylov,Europe League,,5,0,0,2
10,N. Mihaylov,Champions League,,5,0,0,1
10,N. Mihaylov,Johan Cruijff Schaal,,1,0,0,1
9,N. Mihaylov,Eredivisie,,0,0,0,0
9,N. Mihaylov,TOTO KNVB beker,,3,0,0,3
9,N. Mihaylov,Europe League,,0,0,0,0
9,N. Mihaylov,Europa League Quali,,0,0,0,0
9,N. Mihaylov,CL qual,,2,0,0,1
8,N. Mihaylov,Eredivisie,,6,0,0,1
8,N. Mihaylov,TOTO KNVB beker,,0,0,0,0
8,N. Mihaylov,UEFA Cup,,0,0,0,0
8,N. Mihaylov,TOTO KNVB beker,,1,0,0,0
8,N. Mihaylov,CL qual,,1,0,0,0
6,N. Mihaylov,A group,,5,0,0,4
6,N. Mihaylov,Champions League,,1,0,0,0
6,N. Mihaylov,CL qual,,0,0,0,0
5,N. Mihaylov,A group,,6,0,0,2
5,N. Mihaylov,UEFA Cup,,1,0,0,0
5,N. Mihaylov,UEFA-Cup Quali,,0,0,0,0
4,N. Mihaylov,A group,,1,0,0,0
4,N. Mihaylov,UEFA Cup,,0,0,0,0
21,N. Delfouneso,League One,,1,0,0,9
21,N. Delfouneso,EFL Cup,,2,0,0,145
20,N. Delfouneso,League Two,,44,6,4,"2,849"
20,N. Delfouneso,FA Cup,,1,2,0,90
20,N. Delfouneso,EFL Trophy,,1,0,0,66
20,N. Delfouneso,EFL Cup,,1,0,0,90
19,N. Delfouneso,League One,,28,3,2,"1,879"
19,N. Delfouneso,FA Cup,,4,4,1,360
19,N. Delfouneso,EFL Trophy,,2,0,0,91
19,N. Delfouneso,EFL Cup,,1,0,0,28
18,N. Delfouneso,League One,,39,7,3,"2,908"
18,N. Delfouneso,FA Cup,,3,0,0,172
18,N. Delfouneso,EFL Cup,,3,0,0,126
17,N. Delfouneso,League One,,40,9,2,"2,682"
17,N. Delfouneso,EFL Trophy,,4,0,1,308
17,N. Delfouneso,FA Cup,,1,0,1,90
17,N. Delfouneso,EFL Cup,,1,0,0,90
16,N. Delfouneso,League Two Playoffs,,2,1,0,79
16,N. Delfouneso,League Two,,18,4,2,"1,420"
16,N. Delfouneso,League One,,18,1,0,"1,128"
16,N. Delfouneso,EFL Trophy,,4,1,0,314
16,N. Delfouneso,FA Cup,,2,1,0,123
15,N. Delfouneso,League One,,4,0,0,283
15,N. Delfouneso,U21 PL,,1,0,0,62
15,N. Delfouneso,Championship,,15,1,0,725
15,N. Delfouneso,League Cup,,1,0,0,90
14,N. Delfouneso,Championship,,38,3,0,"2,365"
14,N. Delfouneso,FA Cup,,1,0,0,90
14,N. Delfouneso,League Cup,,1,0,0,90
13,N. Delfouneso,League One,,14,3,0,775
13,N. Delfouneso,Championship,,11,0,0,480
12,N. Delfouneso,Championship,,40,6,3,"2,192"
12,N. Delfouneso,FA Cup,,2,1,1,210
12,N. Delfouneso,League Cup,,0,0,0,0
12,N. Delfouneso,Premier League,,1,0,0,45
11,N. Delfouneso,Premier League,,6,0,0,163
11,N. Delfouneso,Reserve League,,3,1,1,192
11,N. Delfouneso,Championship,,4,0,0,75
11,N. Delfouneso,FA Cup,,1,0,0,24
11,N. Delfouneso,League Cup,,2,1,0,122
10,N. Delfouneso,Premier League,,11,1,0,390
10,N. Delfouneso,Championship,,11,1,0,673
10,N. Delfouneso,FA Cup,,2,1,0,144
10,N. Delfouneso,Reserve League,,7,7,3,630
10,N. Delfouneso,League Cup,,2,0,1,59
10,N. Delfouneso,Europa League Quali,,2,0,0,23
9,N. Delfouneso,Premier League,,9,1,0,189
9,N. Delfouneso,Reserve League South,,10,4,3,793
9,N. Delfouneso,FA Cup,,3,2,0,180
9,N. Delfouneso,League Cup,,1,0,0,0
9,N. Delfouneso,Europa League Quali,,0,0,0,0
8,N. Delfouneso,Premier League,,4,0,0,80
8,N. Delfouneso,UEFA Cup,,4,2,0,256
8,N. Delfouneso,FA Cup,,3,1,0,169
8,N. Delfouneso,League Cup,,0,0,0,0
8,N. Delfouneso,UEFA-Cup Quali,,2,0,0,42
21,L. Bangoura,Serie A Segunda Etapa,,2,0,0,11
21,L. Bangoura,Serie A Primera Etapa,,2,0,0,35
21,L. Bangoura,Supercopa Ecuador,,1,0,0,62
21,L. Bangoura,Copa Sudamericana,,1,0,0,3
20,L. Bangoura,LaLiga2,,0,0,0,0
20,L. Bangoura,Serie A Segunda Etapa,,9,0,0,181
19,L. Bangoura,LaLiga2,,3,0,0,133
19,L. Bangoura,MLS,,17,1,1,631
19,L. Bangoura,Canadian Championship,,1,0,0,27
18,L. Bangoura,Copa del Rey,,1,0,0,16
18,L. Bangoura,LaLiga,,0,0,0,0
17,L. Bangoura,LaLiga 1 | 2 | 3,,10,0,0,457
17,L. Bangoura,LaLiga 1 | 2 | 3,,9,0,1,191
17,L. Bangoura,Copa del Rey,,1,0,0,90
16,L. Bangoura,LaLiga 1 | 2 | 3,,22,1,3,"1,060"
16,L. Bangoura,Copa del Rey,,1,0,0,120
15,L. Bangoura,Ligue 1,,10,1,1,417
15,L. Bangoura,LaLiga,,16,0,1,801
15,L. Bangoura,Copa del Rey,,3,2,0,199
14,L. Bangoura,LaLiga,,14,0,2,934
14,L. Bangoura,Copa del Rey,,1,1,0,29
14,L. Bangoura,Copa del Rey,,0,0,0,0
14,L. Bangoura,LaLiga,,1,0,0,15
13,L. Bangoura,LaLiga,,28,0,0,"1,773"
13,L. Bangoura,Copa del Rey,,3,0,0,152
12,L. Bangoura,LaLiga,,32,3,5,"1,768"
12,L. Bangoura,Copa del Rey,,2,0,0,180
11,L. Bangoura,LaLiga,,28,3,4,"1,558"
11,L. Bangoura,Copa del Rey,,1,0,0,90
10,L. Bangoura,LaLiga2,,4,0,0,65
21,A. McGeady,League One,,5,1,0,394
21,A. McGeady,EFL Cup,,1,0,0,25
20,A. McGeady,League One Playoffs,,2,0,2,180
20,A. McGeady,League One,,29,4,14,"2,343"
20,A. McGeady,EFL Trophy,,4,2,1,165
20,A. McGeady,Premier League 2,,1,0,0,62
19,A. McGeady,Championship,,10,0,0,594
19,A. McGeady,League One,,15,4,2,"1,185"
19,A. McGeady,FA Cup,,2,1,0,146
19,A. McGeady,EFL Trophy,,2,0,0,111
19,A. McGeady,EFL Cup,,2,1,0,111
18,A. McGeady,League One Playoffs,,1,0,0,18
18,A. McGeady,League One,,34,11,5,"2,536"
18,A. McGeady,EFL Trophy,,3,2,1,276
18,A. McGeady,FA Cup,,2,1,0,180
17,A. McGeady,Championship,,35,7,5,"2,637"
17,A. McGeady,EFL Cup,,2,0,0,77
16,A. McGeady,Championship,,34,8,9,"2,789"
16,A. McGeady,FA Cup,,1,0,0,90
15,A. McGeady,Championship,,13,1,0,673
15,A. McGeady,League Cup,,1,0,0,45
15,A. McGeady,Premier League,,0,0,0,0
14,A. McGeady,Premier League,,16,1,3,887
14,A. McGeady,FA Cup,,2,0,0,61
14,A. McGeady,Europe League,,5,0,3,418
14,A. McGeady,League Cup,,1,0,0,81
13,A. McGeady,Premier League,,16,0,1,469
13,A. McGeady,FA Cup,,2,0,0,104
13,A. McGeady,Premier League,,13,1,7,789
12,A. McGeady,Premier League,,17,5,4,"1,241"
12,A. McGeady,Champions League,,3,0,1,195
12,A. McGeady,Russian Cup,,1,0,0,90
12,A. McGeady,CL qual,,2,0,2,180
11,A. McGeady,Russian Cup,,1,1,0,79
10,A. McGeady,Premier League,,31,3,10,"2,202"
10,A. McGeady,Russian Cup,,2,0,1,210
10,A. McGeady,Europe League,,6,1,0,496
10,A. McGeady,Champions League,,6,0,0,523
9,A. McGeady,Premier League,,11,2,3,969
9,A. McGeady,Premiership,,35,7,14,"3,032"
9,A. McGeady,SFA Cup,,4,0,0,294
9,A. McGeady,Europe League,,5,0,0,394
9,A. McGeady,League Cup,,2,0,0,113
9,A. McGeady,CL qual,,4,0,0,331
8,A. McGeady,Premiership,,29,3,6,"2,075"
8,A. McGeady,SFA Cup,,1,1,0,90
8,A. McGeady,Champions League,,4,1,0,281
8,A. McGeady,League Cup,,1,1,0,90
7,A. McGeady,Premiership,,36,7,17,"3,161"
7,A. McGeady,Champions League,,8,1,2,649
7,A. McGeady,CL qual,,2,0,0,112
6,A. McGeady,Premiership,,29,5,5,"1,946"
6,A. McGeady,Champions League,,6,0,0,462
5,A. McGeady,Premiership,,19,4,3,975
5,A. McGeady,CL qual,,1,0,0,73
4,A. McGeady,Premiership,,16,2,1,947
4,A. McGeady,Champions League,,3,0,0,188
19,A. Song,Super League,,11,0,0,494
19,A. Song,Swiss Cup,,1,1,0,90
18,A. Song,Super League,,9,0,0,512
18,A. Song,Promotion League,,6,0,0,462
18,A. Song,Swiss Cup,,1,0,0,90
17,A. Song,Premier League,,6,1,0,229
17,A. Song,Russian Cup,,1,0,0,90
16,A. Song,Premier League,,16,0,2,"1,075"
16,A. Song,Russian Cup,,0,0,0,0
15,A. Song,Premier League,,12,0,0,657
15,A. Song,FA Cup,,3,0,0,197
15,A. Song,U21 PL,,1,0,1,84
14,A. Song,Premier League,,28,0,3,"2,248"
14,A. Song,FA Cup,,3,0,0,186
13,A. Song,LaLiga,,19,0,0,"1,125"
13,A. Song,Copa del Rey,,7,0,1,484
13,A. Song,Champions League,,4,0,0,110
13,A. Song,Supercopa,,1,0,0,1
12,A. Song,LaLiga,,20,1,0,"1,537"
12,A. Song,Champions League,,8,0,0,447
12,A. Song,Copa del Rey,,5,0,1,394
12,A. Song,Supercopa,,1,0,0,16
11,A. Song,Premier League,,34,1,11,"2,999"
11,A. Song,Champions League,,7,0,2,630
11,A. Song,FA Cup,,3,0,1,270
11,A. Song,CL qual,,2,0,0,180
10,A. Song,Premier League,,31,4,2,"2,594"
10,A. Song,League Cup,,2,0,0,112
10,A. Song,FA Cup,,4,0,0,283
10,A. Song,Champions League,,5,1,2,401
9,A. Song,Premier League,,26,1,1,"2,239"
9,A. Song,Champions League,,8,0,1,720
9,A. Song,FA Cup,,1,0,0,90
9,A. Song,League Cup,,1,0,0,90
9,A. Song,CL qual,,2,0,0,180
8,A. Song,Premier League,,31,1,1,"2,062"
8,A. Song,Champions League,,10,1,0,724
8,A. Song,FA Cup,,4,0,2,334
8,A. Song,League Cup,,2,0,0,160
8,A. Song,CL qual,,1,0,0,22
7,A. Song,Premier League,,9,0,0,466
7,A. Song,Champions League,,2,0,0,180
7,A. Song,League Cup,,3,0,0,300
7,A. Song,CL qual,,1,0,0,11
6,A. Song,Premier League,,12,0,1,985
6,A. Song,League Cup,,3,1,0,270
6,A. Song,Premier League,,2,0,0,58
6,A. Song,Champions League,,1,0,0,0
6,A. Song,CL qual,,0,0,0,0
5,A. Song,Premier League,,5,0,0,254
5,A. Song,Champions League,,2,0,0,57
5,A. Song,League Cup,,2,0,0,210
4,A. Song,Ligue 1,,32,0,0,"2,389"
4,A. Song,Coupe de France,,1,0,0,90
4,A. Song,Coupe de la Ligue,,2,0,0,210
20,G. Rossi,MLS,,4,1,0,138
20,G. Rossi,MLS is back,,3,0,0,30
17,G. Rossi,Series A,,9,1,0,252
17,G. Rossi,Coppa Italia,,1,0,0,12
16,G. Rossi,LaLiga,,18,4,1,791
16,G. Rossi,Europe League,,7,1,0,307
16,G. Rossi,Copa del Rey,,4,1,0,208
16,G. Rossi,Series A,,1,0,0,10
15,G. Rossi,LaLiga,,17,6,2,"1,160"
15,G. Rossi,Series A,,11,0,2,368
15,G. Rossi,Coppa Italia,,1,0,0,11
15,G. Rossi,Europe League,,4,2,1,333
13,G. Rossi,Series A,,21,16,4,"1,524"
13,G. Rossi,Coppa Italia,,1,0,0,18
13,G. Rossi,Europe League,,2,1,1,144
12,G. Rossi,Series A,,1,0,0,26
11,G. Rossi,LaLiga,,9,3,0,748
11,G. Rossi,Champions League,,3,0,1,270
11,G. Rossi,CL qual,,2,2,0,180
10,G. Rossi,LaLiga,,35,18,7,"2,927"
10,G. Rossi,Europe League,,14,11,3,"1,034"
10,G. Rossi,Copa del Rey,,5,3,1,371
10,G. Rossi,Europa League Quali,,1,0,0,73
9,G. Rossi,LaLiga,,34,10,2,"2,341"
9,G. Rossi,Copa del Rey,,4,2,0,237
9,G. Rossi,Europe League,,6,2,1,303
9,G. Rossi,Europa League Quali,,2,3,0,111
8,G. Rossi,LaLiga,,30,12,5,"2,205"
8,G. Rossi,Champions League,,8,3,1,670
8,G. Rossi,Copa del Rey,,1,0,0,61
7,G. Rossi,LaLiga,,27,11,3,"1,773"
7,G. Rossi,UEFA Cup,,5,0,1,263
7,G. Rossi,Copa del Rey,,5,2,0,359
6,G. Rossi,Series A,,19,9,4,"1,526"
6,G. Rossi,UEFA Cup,,1,0,0,19
6,G. Rossi,Premier League,,11,0,0,379
6,G. Rossi,League Cup,,2,1,0,190
5,G. Rossi,Premier League,,5,1,0,131
5,G. Rossi,League Cup,,3,1,1,225
5,G. Rossi,FA Cup,,2,2,0,148
5,G. Rossi,Champions League,,1,0,0,1
5,G. Rossi,CL qual,,1,0,0,9
4,G. Rossi,League Cup,,2,0,0,15
20,S. Naismith,Championship,,20,6,1,"1,117"
20,S. Naismith,Betfred Cup,,4,0,0,218
19,S. Naismith,SFA Cup,,5,1,2,413
19,S. Naismith,Premiership,,17,4,3,"1,161"
19,S. Naismith,League Cup,,1,0,0,37
18,S. Naismith,Premiership,,19,10,3,"1,635"
18,S. Naismith,SFA Cup,,2,0,0,166
18,S. Naismith,League Cup,,6,4,1,488
17,S. Naismith,Scottish Premiership championship round,,4,1,1,360
17,S. Naismith,Premiership,,10,3,2,749
17,S. Naismith,SFA Cup,,2,0,1,180
17,S. Naismith,Premier League 2,,2,2,1,139
17,S. Naismith,Championship,,2,0,0,150
17,S. Naismith,EFL Cup,,1,0,0,90
16,S. Naismith,Championship,,29,5,3,"1,887"
16,S. Naismith,FA Cup,,1,1,0,90
16,S. Naismith,EFL Cup,,2,1,0,210
15,S. Naismith,Premier League,,13,1,2,880
15,S. Naismith,Premier League,,10,3,0,450
15,S. Naismith,League Cup,,3,1,0,146
14,S. Naismith,Premier League,,31,7,1,"2,056"
14,S. Naismith,Europe League,,6,2,3,497
14,S. Naismith,FA Cup,,2,0,0,210
13,S. Naismith,Premier League,,31,5,3,"1,408"
13,S. Naismith,FA Cup,,3,3,1,207
13,S. Naismith,League Cup,,2,1,2,200
12,S. Naismith,Premier League,,31,4,1,"1,275"
12,S. Naismith,U21 PL knockout,,1,1,0,120
12,S. Naismith,FA Cup,,2,0,0,28
12,S. Naismith,League Cup,,2,0,1,155
11,S. Naismith,Premiership,,11,9,2,924
11,S. Naismith,League Cup,,1,0,0,31
11,S. Naismith,Europe League,,1,0,0,45
11,S. Naismith,CL qual,,2,0,0,180
10,S. Naismith,Premiership,,31,11,9,"2,433"
10,S. Naismith,League Cup,,4,3,3,369
10,S. Naismith,Europe League,,1,0,0,44
10,S. Naismith,SFA Cup,,2,0,1,150
10,S. Naismith,Champions League,,6,1,0,521
9,S. Naismith,Premiership,,28,3,7,"1,801"
9,S. Naismith,SFA Cup,,3,0,1,243
9,S. Naismith,League Cup,,4,1,1,144
9,S. Naismith,Champions League,,4,0,0,360
8,S. Naismith,SFA Cup,,2,0,0,76
8,S. Naismith,Premiership,,7,0,0,191
7,S. Naismith,Premiership,,21,5,5,"1,125"
7,S. Naismith,UEFA Cup,,1,0,0,24
7,S. Naismith,Champions League,,3,0,1,99
7,S. Naismith,Premiership,,4,0,0,360
6,S. Naismith,Premiership,,32,13,2,"2,746"
5,S. Naismith,Premiership,,28,11,1,"2,276"
5,S. Naismith,SFA Cup,,1,0,0,90
4,S. Naismith,Premiership,,7,0,1,82
19,M. Fellah,Elite series,,6,0,0,88
18,M. Fellah,Elite series,,4,2,0,257
17,M. Fellah,Reserve leagues,,4,1,0,305
17,M. Fellah,Superligaen relegation,,2,0,0,26
17,M. Fellah,Super league,,1,0,0,7
17,M. Fellah,Reserve leagues,,1,1,0,90
17,M. Fellah,Super league,,0,0,0,0
17,M. Fellah,Sydbank trophies,,1,1,0,90
16,M. Fellah,Superligaen Meisterr.,,2,0,0,58
16,M. Fellah,Super league,,10,0,1,410
16,M. Fellah,Sydbank trophies,,0,0,0,0
15,M. Fellah,Super league,,18,0,2,"1,212"
15,M. Fellah,Sydbank trophies,,2,2,1,180
14,M. Fellah,Super league,,25,3,4,"1,493"
14,M. Fellah,Sydbank trophies,,3,0,3,252
14,M. Fellah,Europa League Quali,,4,1,0,334
13,M. Fellah,Superligaen,,12,0,1,550
13,M. Fellah,Europe League,,1,0,0,90
13,M. Fellah,Tippeligaen,,10,2,0,710
13,M. Fellah,NM Cup,,2,1,1,145
12,M. Fellah,Tippeligaen,,25,6,12,"1,943"
12,M. Fellah,NM Cup,,3,0,0,158
11,M. Fellah,Europa League Quali,,4,0,0,338
11,M. Fellah,Tippeligaen,,24,2,6,"1,709"
10,M. Fellah,Tippeligaen,,29,4,6,"2,219"
9,M. Fellah,Europa League Quali,,2,0,0,56
9,M. Fellah,Tippeligaen,,23,2,2,959
9,M. Fellah,NM Cup,,1,0,0,105
8,M. Fellah,Tippeligaen,,2,0,0,20
7,M. Fellah,UEFA-Cup Quali,,1,0,0,50
7,M. Fellah,Tippeligaen,,7,0,0,294
6,M. Fellah,Tippeligaen,,2,1,0,15
20,C. Villaluz,Liga Expansión MX Cl.,,3,0,0,97
16,C. Villaluz,Ascenso MX Cl.,,16,1,0,624
16,C. Villaluz,Copa MX Clausura,,2,0,0,124
16,C. Villaluz,Liguilla de Expansión Apertura,,4,0,0,116
16,C. Villaluz,Ascenso MX Ap.,,14,0,1,601
16,C. Villaluz,Copa MX Apertura,,4,0,0,248
15,C. Villaluz,Ascenso MX Cl.,,15,1,4,918
15,C. Villaluz,Copa MX Clausura,,7,0,2,473
15,C. Villaluz,Ascenso MX Ap.,,15,2,3,"1,272"
15,C. Villaluz,Copa MX Apertura,,6,0,4,405
14,C. Villaluz,Copa MX Clausura,,3,0,0,122
14,C. Villaluz,Copa MX Apertura,,4,0,0,223
13,C. Villaluz,Liga MX Apertura,,4,0,0,63
13,C. Villaluz,Copa MX Apertura,,2,0,0,170
12,C. Villaluz,Liga MX Apertura,,7,0,0,192
12,C. Villaluz,Copa MX Apertura,,5,1,0,376
11,C. Villaluz,Primera Clausura,,16,1,0,863
11,C. Villaluz,Liguilla Apertura,,0,0,0,0
11,C. Villaluz,Primera Apertura,,14,1,1,628
10,C. Villaluz,Liguilla Clausura,,4,0,0,96
10,C. Villaluz,Primera Clausura,,17,1,3,"1,014"
10,C. Villaluz,CONCACAF CL,,12,2,1,721
10,C. Villaluz,Liguilla Apertura,,2,0,0,89
10,C. Villaluz,Primera Apertura,,6,2,0,241
9,C. Villaluz,Primera Clausura,,12,1,0,442
9,C. Villaluz,CONCACAF CL,,7,1,2,295
9,C. Villaluz,Liguilla Apertura,,6,1,0,349
9,C. Villaluz,Primera Apertura,,11,0,1,482
8,C. Villaluz,CONCACAF CL,,13,2,3,712
8,C. Villaluz,Primera Clausura,,15,0,4,"1,087"
8,C. Villaluz,Liguilla Apertura,,6,2,0,564
8,C. Villaluz,Primera Apertura,,16,0,4,"1,235"
7,C. Villaluz,Liguilla Clausura,,6,0,0,540
7,C. Villaluz,Primera Clausura,,11,3,0,950
7,C. Villaluz,InterLiga,,4,1,1,343
7,C. Villaluz,Liguilla Apertura,,2,0,0,146
7,C. Villaluz,Primera Apertura,,15,3,2,873
6,C. Villaluz,Liguilla Clausura,,1,0,0,45
6,C. Villaluz,Primera Clausura,,5,1,0,134
6,C. Villaluz,Primera Apertura,,2,0,0,37
17,A. Driver,Playoff promotion / relegation,,0,0,0,0
17,A. Driver,Jupiler League,,23,0,1,"1,638"
17,A. Driver,TOTO KNVB beker,,1,0,0,120
16,A. Driver,Jupiler League,,33,0,8,"2,784"
16,A. Driver,KNVB Beker,,1,0,0,120
15,A. Driver,Playoff promotion / relegation,,2,0,1,117
15,A. Driver,Eredivisie,,26,4,4,"2,037"
15,A. Driver,Beloften Eredivisie,,3,0,0,179
14,A. Driver,Premiership,,1,0,1,66
14,A. Driver,MLS,,34,0,0,"1,898"
13,A. Driver,CONCACAF CL,,2,0,0,180
13,A. Driver,MLS Cup Playoffs,,5,0,0,212
13,A. Driver,MLS,,26,3,0,"1,694"
13,A. Driver,USL Pro,,2,0,0,74
13,A. Driver,US Open Cup,,2,0,0,120
12,A. Driver,CONCACAF CL,,2,0,0,23
12,A. Driver,Premiership,,22,2,1,"1,400"
12,A. Driver,League Cup,,3,0,0,173
12,A. Driver,SFA Cup,,1,0,0,44
12,A. Driver,Europe League,,2,0,0,35
11,A. Driver,SFA Cup,,6,0,1,444
11,A. Driver,Premiership,,21,0,0,"1,280"
11,A. Driver,League Cup,,1,0,0,16
11,A. Driver,Europe League,,1,0,0,64
11,A. Driver,Europa League Quali,,1,1,0,63
10,A. Driver,Premiership,,14,0,1,466
9,A. Driver,Premiership,,12,3,0,963
9,A. Driver,League Cup,,2,0,0,180
9,A. Driver,Europa League Quali,,1,0,0,30
8,A. Driver,Premiership,,29,5,8,"2,486"
8,A. Driver,SFA Cup,,2,0,1,180
7,A. Driver,Premiership,,26,5,7,"1,931"
6,A. Driver,Premiership,,15,1,1,"1,115"
5,A. Driver,Premiership,,0,0,0,0
4,A. Driver,Premiership,,0,0,0,0
20,Marcos,Seg. Div. B - relegation round,,1,0,0,34
20,Marcos,2ª B - Group V,,2,0,0,53
19,Marcos,Baraze o udcial w ecstraclasia,,1,0,0,89
19,Marcos,1st League,,31,10,7,"2,611"
19,Marcos,Fortuna Polish Cup,,3,0,0,253
18,Marcos,Ekstraklasa,,10,2,1,717
18,Marcos,Fortuna Polish Cup,,1,0,0,13
17,Marcos,Nice 1 league,,29,8,5,"1,858"
17,Marcos,Fortuna Polish Cup,,2,0,0,170
16,Marcos,Nice 1 league,,13,2,5,665
16,Marcos,efbet league,,3,0,0,123
16,Marcos,Bulgarian Cup,,1,0,0,44
15,Marcos,Ekstraklasa,,5,0,0,219
15,Marcos,1st League,,10,3,3,665
14,Marcos,LaLiga2,,27,1,1,"1,377"
14,Marcos,Copa del Rey,,3,0,1,129
13,Marcos,LaLiga2,,28,2,1,"1,364"
13,Marcos,Copa del Rey,,1,0,0,86
12,Marcos,LaLiga2,,30,4,3,"2,073"
12,Marcos,Copa del Rey,,1,0,0,56
11,Marcos,Promotion playoff LaLiga,,0,0,0,0
11,Marcos,LaLiga2,,24,1,0,854
11,Marcos,Copa del Rey,,1,1,0,90
10,Marcos,LaLiga2,,38,2,0,"1,948"
9,Marcos,LaLiga,,19,2,0,852
9,Marcos,Copa del Rey,,2,0,0,115
8,Marcos,LaLiga2,,38,4,0,"2,732"
8,Marcos,Copa del Rey,,2,1,0,160
7,Marcos,LaLiga,,19,1,1,917
7,Marcos,Copa del Rey,,4,0,0,366
6,Marcos,LaLiga,,29,3,0,"1,781"
6,Marcos,UI Cup,,2,0,0,46
5,Marcos,Champions League,,0,0,0,0
4,Marcos,UEFA Cup,,2,0,0,42
18,T. Jaiteh,Categoria Superiore,,3,0,0,225
18,T. Jaiteh,Kupa e Shqipërisë,,0,0,0,0
17,T. Jaiteh,Stars League,,16,0,0,1255
16,T. Jaiteh,Gavia haMedina,,5,0,0,460
16,T. Jaiteh,Ligat ha'Al - Relegation round,,5,0,0,361
16,T. Jaiteh,Ligat ha'Al,,7,0,0,609
16,T. Jaiteh,Veikkausliiga,,26,1,1,1998
16,T. Jaiteh,Suomen Cup,,2,0,0,180
15,T. Jaiteh,Prva Liga,,2,0,0,101
14,T. Jaiteh,Tippeligaen,,24,0,1,"1,801"
14,T. Jaiteh,NM Cup,,1,0,0,45
13,T. Jaiteh,Adeccoligaen,,25,1,1,"2,230"
13,T. Jaiteh,NM Cup,,2,0,0,180
12,T. Jaiteh,Relegation to the elite series,,1,0,0,90
12,T. Jaiteh,Adeccoligaen,,26,2,1,"2,276"
12,T. Jaiteh,NM Cup,,5,0,2,510
10,T. Jaiteh,Superligaen,,13,0,0,975
10,T. Jaiteh,Sydbank trophies,,1,0,0,90
10,T. Jaiteh,Tippeligaen,,17,0,0,644
9,T. Jaiteh,Tippeligaen,,25,1,0,1954
8,T. Jaiteh,UEFA Cup,,1,0,0,16
8,T. Jaiteh,CL qual,,3,0,0,106
8,T. Jaiteh,Tippeligaen,,15,1,0,967
7,T. Jaiteh,UEFA Cup,,1,0,0,45
7,T. Jaiteh,UEFA-Cup Quali,,3,0,0,224
7,T. Jaiteh,Tippeligaen,,11,0,0,647
20,H. Saivet,Premier League 2,,4,0,0,348
18,H. Saivet,Super Lig,,29,2,2,"2,088"
17,H. Saivet,Super Lig,,12,0,2,674
17,H. Saivet,FA Cup,,2,0,0,99
17,H. Saivet,Premier League,,1,1,0,84
17,H. Saivet,Premier League 2,,3,0,0,270
17,H. Saivet,EFL Cup,,1,0,0,120
16,H. Saivet,Ligue 1,,27,1,2,"1,770"
16,H. Saivet,Europe League,,7,0,1,541
16,H. Saivet,Coupe de la Ligue,,1,0,0,63
15,H. Saivet,Premier League,,4,0,0,147
15,H. Saivet,U21 PL,,1,0,0,90
15,H. Saivet,Ligue 1,,18,2,0,"1,558"
15,H. Saivet,Coupe de la Ligue,,1,1,0,90
15,H. Saivet,Europe League,,5,1,0,348
15,H. Saivet,Europa League Quali,,3,0,1,270
14,H. Saivet,Ligue 1,,14,0,0,731
14,H. Saivet,Coupe de France,,1,0,0,2
14,H. Saivet,Coupe de la Ligue,,1,0,0,53
13,H. Saivet,Ligue 1,,33,6,6,"2,720"
13,H. Saivet,Coupe de France,,2,1,0,210
13,H. Saivet,Coupe de la Ligue,,2,0,0,105
13,H. Saivet,Europe League,,4,0,0,207
13,H. Saivet,Trophée des Champions,,1,1,0,90
12,H. Saivet,Coupe de France,,6,1,0,465
12,H. Saivet,Ligue 1,,34,8,1,"2,179"
12,H. Saivet,Europe League,,8,0,1,497
12,H. Saivet,Coupe de la Ligue,,1,0,0,72
11,H. Saivet,Ligue 1,,24,1,3,673
11,H. Saivet,Coupe de France,,2,1,0,157
10,H. Saivet,Ligue 2,,18,3,3,"1,541"
10,H. Saivet,Coupe de France,,2,1,0,180
10,H. Saivet,Coupe de France,,1,0,0,11
10,H. Saivet,Ligue 1,,6,0,0,205
10,H. Saivet,Coupe de la Ligue,,2,0,0,150
9,H. Saivet,Ligue 1,,3,0,0,96
9,H. Saivet,Coupe de la Ligue,,1,0,0,28
9,H. Saivet,Coupe de France,,2,0,0,31
9,H. Saivet,Champions League,,1,0,0,90
8,H. Saivet,Ligue 1,,1,0,0,5
8,H. Saivet,Coupe de la Ligue,,0,0,0,0
7,H. Saivet,Ligue 1,,1,0,0,12
21,T. Gebhart,Regionalliga Bayern,,5,0,2,450
20,T. Gebhart,Regionalliga Bayern,,2,1,0,180
20,T. Gebhart,League Cup RL Bayern,,2,0,0,180
19,T. Gebhart,3rd league,,27,3,1,"1,135"
19,T. Gebhart,Bayern Cup,,4,2,1,138
18,T. Gebhart,Berlin Cup,,2,1,1,210
18,T. Gebhart,Regionalliga northeast,,11,2,4,568
17,T. Gebhart,Regionalliga Bayern,,11,5,4,703
17,T. Gebhart,Bayern Cup,,0,0,0,0
17,T. Gebhart,DFB Cup,,1,0,0,90
16,T. Gebhart,Mecklenburg-Western Pomerania Cup,,4,2,0,345
16,T. Gebhart,3rd league,,17,4,4,"1,049"
15,T. Gebhart,League 1 - championship round,,2,0,0,134
15,T. Gebhart,Cupa României,,0,0,0,0
15,T. Gebhart,Cupa Ligii,,2,0,0,135
15,T. Gebhart,League 1,,3,0,0,55
14,T. Gebhart,Regionalliga Bayern,,2,0,0,180
14,T. Gebhart,2nd Bundesliga,,6,1,1,346
14,T. Gebhart,DFB Cup,,1,0,0,29
13,T. Gebhart,Bundesliga,,6,0,0,138
13,T. Gebhart,DFB Cup,,1,0,0,68
12,T. Gebhart,Bundesliga,,18,2,2,"1,109"
12,T. Gebhart,DFB Cup,,1,0,0,63
11,T. Gebhart,Bundesliga,,12,0,0,300
11,T. Gebhart,DFB Cup,,1,0,0,13
10,T. Gebhart,Bundesliga,,25,2,6,"1,492"
10,T. Gebhart,Europe League,,3,2,1,121
10,T. Gebhart,DFB Cup,,2,0,0,179
10,T. Gebhart,Europa League Quali,,4,2,1,359
9,T. Gebhart,Bundesliga,,28,2,2,"1,850"
9,T. Gebhart,Champions League,,6,0,2,332
9,T. Gebhart,CL qual,,2,1,0,176
9,T. Gebhart,DFB Cup,,1,0,0,90
8,T. Gebhart,Bundesliga,,11,0,0,696
8,T. Gebhart,UEFA Cup,,1,1,0,30
8,T. Gebhart,2nd Bundesliga,,16,5,3,"1,219"
8,T. Gebhart,DFB Cup,,1,0,0,120
7,T. Gebhart,Regional league south,,1,0,0,90
7,T. Gebhart,2nd Bundesliga,,21,0,2,967
7,T. Gebhart,DFB Cup,,4,0,0,297
6,T. Gebhart,Regional league south,,4,1,1,122
6,T. Gebhart,U19-Bundesliga South / Southwest,,16,6,0,"1,176"
20,M. Maïga,UAE Pro League,,14,4,2,"1,250"
18,M. Maïga,Thai League,,3,1,0,207
19,M. Maïga,AFC Champions League,,2,0,0,46
19,M. Maïga,Thailand Champions Cup,,1,1,0,90
17,M. Maïga,UAE Pro League,,19,10,2,"1,447"
16,M. Maïga,UAE Pro League,,23,9,2,"1,984"
15,M. Maïga,King's Cup,,4,2,0,287
15,M. Maïga,Professional League,,19,5,3,"1,261"
16,M. Maïga,AFC Champions League,,5,1,0,390
15,M. Maïga,Saudi Crown Prince Cup,,2,3,1,180
15,M. Maïga,Premier League,,3,1,0,24
15,M. Maïga,Europa League Quali,,4,0,1,274
14,M. Maïga,Ligue 1,,25,9,1,"1,760"
14,M. Maïga,Coupe de France,,1,0,0,120
14,M. Maïga,Coupe de la Ligue,,1,0,1,120
13,M. Maïga,Championship,,8,1,0,281
13,M. Maïga,Premier League,,14,1,2,1005
13,M. Maïga,League Cup,,4,1,1,205
13,M. Maïga,FA Cup,,1,0,0,90
12,M. Maïga,Premier League,,17,2,2,408
12,M. Maïga,U21 PL elite group,,1,0,0,90
12,M. Maïga,League Cup,,2,2,0,180
11,M. Maïga,Ligue 1,,23,9,2,"1,612"
11,M. Maïga,Coupe de France,,1,0,0,90
11,M. Maïga,Europe League,,1,0,0,90
10,M. Maïga,Ligue 1,,36,15,3,"3,043"
10,M. Maïga,Coupe de France,,2,1,0,180
10,M. Maïga,Coupe de la Ligue,,1,0,0,35
9,M. Maïga,Ligue 1,,32,7,3,"2,056"
9,M. Maïga,Coupe de France,,1,0,0,90
9,M. Maïga,Coupe de la Ligue,,2,0,0,99
8,M. Maïga,Ligue 1,,37,8,3,"2,447"
8,M. Maïga,Coupe de France,,3,0,0,330
8,M. Maïga,Coupe de la Ligue,,1,0,0,61
7,M. Maïga,Ligue 1,,19,0,0,443
7,M. Maïga,Coupe de la Ligue,,1,0,0,48
7,M. Maïga,Coupe de France,,2,0,0,135
5,M. Maïga,CAF Champions League,,3,0,0,224
4,M. Maïga,CAF Champions League,,3,0,0,133
13,M. Seelaus,ÖFB Cup,,1,0,0,90
10,M. Seelaus,Fortuna League,,1,0,0,16
9,M. Seelaus,Fortuna League,,25,1,1,"1,785"
8,M. Seelaus,First League,,8,1,0,337
8,M. Seelaus,ÖFB Cup,,1,0,0,50
7,M. Seelaus,Bundesliga,,16,0,0,636
6,M. Seelaus,ÖFB Cup,,1,0,0,20
4,M. Seelaus,Bundesliga,,2,0,0,38
4,M. Seelaus,First League,,2,0,0,36
4,M. Seelaus,ÖFB Cup,,1,0,0,45
20,J. Mikel,Championship,,39,0,1,"3,201"
20,J. Mikel,FA Cup,,1,0,0,90
20,J. Mikel,EFL Cup,,1,0,0,90
19,J. Mikel,Super Lig,,19,0,1,"1,485"
19,J. Mikel,Türkiye Kupasi,,3,0,0,187
19,J. Mikel,Europe League,,2,0,0,180
19,J. Mikel,Europa League Quali,,3,0,0,92
18,J. Mikel,Championship,,18,1,0,"1,600"
18,J. Mikel,FA Cup,,1,0,0,62
18,J. Mikel,Super League,,18,2,2,"1,620"
17,J. Mikel,Super League,,13,1,1,"1,170"
15,J. Mikel,Premier League,,25,0,1,"1,780"
15,J. Mikel,FA Cup,,2,0,0,172
15,J. Mikel,Champions League,,4,1,0,246
15,J. Mikel,League Cup,,2,0,0,210
15,J. Mikel,Community Shield,,0,0,0,0
14,J. Mikel,Premier League,,18,0,1,693
14,J. Mikel,FA Cup,,2,0,0,160
14,J. Mikel,League Cup,,4,0,0,350
14,J. Mikel,Champions League,,2,1,0,109
13,J. Mikel,Premier League,,24,1,1,"1,063"
13,J. Mikel,Champions League,,7,0,0,399
13,J. Mikel,FA Cup,,2,1,0,180
13,J. Mikel,League Cup,,2,0,0,210
13,J. Mikel,UEFA Super Cup,,1,0,0,33
12,J. Mikel,Europe League,,4,0,0,300
12,J. Mikel,Premier League,,22,0,0,"1,626"
12,J. Mikel,FA Cup,,3,0,0,194
12,J. Mikel,FIFA Club World Cup,,1,0,0,90
12,J. Mikel,Champions League,,5,0,0,348
12,J. Mikel,League Cup,,1,0,0,45
12,J. Mikel,UEFA Super Cup,,1,0,0,90
12,J. Mikel,Community Shield,,1,0,0,90
11,J. Mikel,Champions League,,9,0,0,695
11,J. Mikel,FA Cup,,5,0,0,417
11,J. Mikel,Premier League,,22,0,0,"1,322"
11,J. Mikel,League Cup,,1,0,0,56
10,J. Mikel,Premier League,,28,0,2,"2,210"
10,J. Mikel,Champions League,,6,0,0,421
10,J. Mikel,FA Cup,,2,0,0,50
10,J. Mikel,Community Shield,,1,0,0,60
9,J. Mikel,Premier League,,25,0,1,"1,743"
9,J. Mikel,FA Cup,,3,0,1,270
9,J. Mikel,Champions League,,4,0,0,360
9,J. Mikel,League Cup,,2,0,0,210
9,J. Mikel,Community Shield,,1,0,0,65
8,J. Mikel,FA Cup,,5,0,0,363
8,J. Mikel,Premier League,,34,0,2,"2,884"
8,J. Mikel,Champions League,,9,0,0,807
8,J. Mikel,League Cup,,1,0,0,75
7,J. Mikel,Champions League,,4,0,0,149
7,J. Mikel,Premier League,,29,0,0,"1,950"
7,J. Mikel,FA Cup,,2,0,0,180
7,J. Mikel,League Cup,,3,0,0,221
7,J. Mikel,Community Shield,,1,0,0,120
6,J. Mikel,FA Cup,,6,2,0,519
6,J. Mikel,Premier League,,22,0,3,946
6,J. Mikel,Champions League,,9,0,1,584
6,J. Mikel,League Cup,,4,0,0,273
6,J. Mikel,Community Shield,,1,0,0,8
5,J. Mikel,Tippeligaen,,6,1,2,508
15,C. Kleiven,NM Cup,,1,0,0,90
14,C. Kleiven,Tippeligaen,,0,0,0,0
14,C. Kleiven,NM Cup,,2,0,1,149
13,C. Kleiven,Tippeligaen,,16,0,2,523
13,C. Kleiven,NM Cup,,3,1,1,224
12,C. Kleiven,Europa League Quali,,2,1,0,180
12,C. Kleiven,Tippeligaen,,30,3,2,"2,615"
12,C. Kleiven,NM Cup,,2,1,2,180
11,C. Kleiven,Tippeligaen,,25,1,1,"1,748"
11,C. Kleiven,NM Cup,,2,0,0,93
10,C. Kleiven,Tippeligaen,,25,7,3,"2,141"
9,C. Kleiven,Tippeligaen,,22,0,0,"1,017"
8,C. Kleiven,Adeccoligaen,,28,3,1,"1,847"
7,C. Kleiven,Tippeligaen,,8,0,1,333
21,Carlos Eduardo,Copa do Brasil,,1,0,0,18
21,Carlos Eduardo,Copa Verde,,2,0,0,40
20,Carlos Eduardo,Série B,,3,1,0,72
20,Carlos Eduardo,Copa do Brasil,,1,0,0,11
18,Carlos Eduardo,Série B,,5,0,0,149
18,Carlos Eduardo,Série A,,9,0,0,455
17,Carlos Eduardo,Série A,,12,1,0,553
16,Carlos Eduardo,Série A,,10,0,2,343
16,Carlos Eduardo,Libertadores,,1,0,0,44
15,Carlos Eduardo,Europe League,,6,0,0,448
15,Carlos Eduardo,Premier League,,16,1,5,929
15,Carlos Eduardo,Europa League Quali,,3,1,0,250
14,Carlos Eduardo,Premier League,,22,3,4,"1,687"
14,Carlos Eduardo,U19 M league,,2,0,0,79
14,Carlos Eduardo,Russian Cup,,2,0,0,179
14,Carlos Eduardo,Libertadores,,2,0,0,71
13,Carlos Eduardo,Série A,,24,0,1,"1,422"
12,Carlos Eduardo,Premier League,,2,0,0,135
12,Carlos Eduardo,Europe League,,3,0,0,164
10,Carlos Eduardo,Champions League,,2,0,0,150
10,Carlos Eduardo,DFB Cup,,1,0,0,44
9,Carlos Eduardo,Premier League,,6,2,0,404
9,Carlos Eduardo,Bundesliga,,33,5,9,"2,749"
9,Carlos Eduardo,DFB Cup,,4,0,1,344
8,Carlos Eduardo,Bundesliga,,25,8,6,"2,045"
8,Carlos Eduardo,DFB Cup,,2,0,1,180
7,Carlos Eduardo,2nd Bundesliga,,22,5,4,"1,637"
7,Carlos Eduardo,DFB Cup,,3,1,1,261
7,Carlos Eduardo,Série A,,10,3,2,792
7,Carlos Eduardo,Libertadores,,14,1,0,"1,024"
20,G. dos Santos,Liguilla Clausura,,0,0,0,0
20,G. dos Santos,Liga MX Clausura,,7,1,0,276
20,G. dos Santos,CONCACAF CL,,0,0,0,0
20,G. dos Santos,Liguilla Apertura,,2,0,0,122
20,G. dos Santos,Liga MX Apertura,,9,1,0,399
19,G. dos Santos,Liga MX Clausura,,8,0,1,569
19,G. dos Santos,CONCACAF CL,,2,0,0,162
19,G. dos Santos,Liguilla Apertura,,4,1,0,239
19,G. dos Santos,Liga MX Apertura,,9,1,1,410
19,G. dos Santos,Leagues Cup,,1,0,0,33
18,G. dos Santos,MLS,,14,3,2,825
17,G. dos Santos,MLS,,25,6,3,"2,190"
17,G. dos Santos,US Open Cup,,1,0,1,90
16,G. dos Santos,MLS Cup Playoffs,,3,1,1,292
16,G. dos Santos,MLS,,28,13,4,"2,355"
16,G. dos Santos,US Open Cup,,2,1,1,62
15,G. dos Santos,CONCACAF CL,,4,1,2,300
15,G. dos Santos,MLS Cup Playoffs,,1,0,0,90
15,G. dos Santos,MLS,,10,3,5,804
14,G. dos Santos,LaLiga,,26,1,3,"1,387"
14,G. dos Santos,Europe League,,7,4,3,306
14,G. dos Santos,Copa del Rey,,7,1,1,406
13,G. dos Santos,LaLiga,,31,11,8,"2,206"
13,G. dos Santos,Copa del Rey,,3,1,0,162
12,G. dos Santos,LaLiga,,29,6,7,"2,391"
12,G. dos Santos,Copa del Rey,,3,0,0,238
11,G. dos Santos,Premier League,,7,0,0,51
11,G. dos Santos,FA Cup,,1,1,1,90
11,G. dos Santos,Europe League,,4,1,2,335
11,G. dos Santos,League Cup,,1,0,0,96
10,G. dos Santos,LaLiga,,16,5,3,957
10,G. dos Santos,Premier League,,3,0,0,69
10,G. dos Santos,Champions League,,0,0,0,0
10,G. dos Santos,League Cup,,1,0,0,45
10,G. dos Santos,CL qual,,1,0,0,90
9,G. dos Santos,Super Lig,,14,0,3,942
9,G. dos Santos,Europe League,,2,0,0,54
9,G. dos Santos,Türkiye Kupasi,,2,0,0,99
9,G. dos Santos,Premier League,,1,0,0,12
9,G. dos Santos,FA Cup,,0,0,0,0
9,G. dos Santos,League Cup,,2,0,0,106
8,G. dos Santos,Championship,,8,4,1,494
8,G. dos Santos,UEFA Cup,,4,1,0,254
8,G. dos Santos,Premier League,,6,0,0,235
8,G. dos Santos,FA Cup,,1,0,0,44
8,G. dos Santos,League Cup,,1,0,0,37
7,G. dos Santos,LaLiga,,28,3,7,"1,245"
7,G. dos Santos,Champions League,,5,1,0,134
7,G. dos Santos,Copa del Rey,,5,0,0,351
6,G. dos Santos,FIFA Club World Cup,,0,0,0,0
6,G. dos Santos,2ª B - Group III,,2,0,0,135
21,Alexandre Pato,MLS,,1,0,0,80
20,Alexandre Pato,Série A,,0,0,0,0
20,Alexandre Pato,Paulistão A1 - bevel final,,1,0,0,66
20,Alexandre Pato,Paulistão A1 - basic round,,10,3,2,704
20,Alexandre Pato,Libertadores,,2,1,0,163
19,Alexandre Pato,Série A,,20,5,0,"1,446"
18,Alexandre Pato,Super League,,23,15,3,"1,976"
18,Alexandre Pato,AFC Champions League,,10,4,1,835
18,Alexandre Pato,AFC CL qualification,,1,0,1,86
17,Alexandre Pato,Super League,,24,15,3,2115
17,Alexandre Pato,Chinese FA Cup,,2,2,0,180
16,Alexandre Pato,LaLiga,,14,2,3,883
16,Alexandre Pato,Copa del Rey,,3,1,1,187
16,Alexandre Pato,Europe League,,5,2,1,349
16,Alexandre Pato,CL qual,,2,1,0,180
15,Alexandre Pato,Premier League,,2,1,0,131
15,Alexandre Pato,Série A,,33,10,7,"2,480"
15,Alexandre Pato,Libertadores,,6,3,0,443
14,Alexandre Pato,Série A,,29,9,5,"1,959"
14,Alexandre Pato,Copa Sudamericana,,4,1,1,192
13,Alexandre Pato,Série A,,30,10,0,"1,734"
13,Alexandre Pato,Recopa Sudamericana,,1,0,0,4
13,Alexandre Pato,Libertadores,,8,2,1,360
12,Alexandre Pato,Champions League,,3,2,0,134
12,Alexandre Pato,Series A,,4,0,1,208
11,Alexandre Pato,Series A,,11,1,2,535
11,Alexandre Pato,Champions League,,5,2,1,244
11,Alexandre Pato,Coppa Italia,,1,1,0,62
11,Alexandre Pato,Supercoppa Italiana,,1,0,1,28
10,Alexandre Pato,Series A,,25,14,4,"1,598"
10,Alexandre Pato,Coppa Italia,,3,2,0,195
10,Alexandre Pato,Champions League,,5,0,0,339
9,Alexandre Pato,Series A,,23,12,1,"1,803"
9,Alexandre Pato,Champions League,,7,2,0,630
8,Alexandre Pato,Series A,,36,15,6,"2,282"
8,Alexandre Pato,UEFA Cup,,6,3,0,296
7,Alexandre Pato,Series A,,18,9,2,"1,277"
7,Alexandre Pato,Champions League,,2,0,0,167
7,Alexandre Pato,Série A,,9,5,1,731
7,Alexandre Pato,Recopa Sudamericana,,2,2,0,180
7,Alexandre Pato,Libertadores,,5,2,0,338
6,Alexandre Pato,FIFA Club World Cup,,2,1,0,126
21,E. Hazard,LaLiga,,3,0,1,137
20,E. Hazard,LaLiga,,14,3,1,532
20,E. Hazard,Champions League,,5,1,0,275
20,E. Hazard,Copa del Rey,,1,0,0,22
20,E. Hazard,Supercopa,,1,0,0,67
19,E. Hazard,Champions League,,6,0,1,459
19,E. Hazard,LaLiga,,16,1,6,"1,086"
18,E. Hazard,Europe League,,8,2,2,451
18,E. Hazard,Premier League,,37,16,15,"2,926"
18,E. Hazard,EFL Cup,,5,3,0,363
18,E. Hazard,FA Cup,,2,0,0,138
17,E. Hazard,FA Cup,,5,1,2,393
17,E. Hazard,Premier League,,34,12,4,"2,433"
17,E. Hazard,Champions League,,8,3,4,611
17,E. Hazard,EFL Cup,,4,1,3,293
17,E. Hazard,Premier League 2,,1,0,0,74
16,E. Hazard,FA Cup,,4,1,1,295
16,E. Hazard,Premier League,,36,16,5,"3,005"
16,E. Hazard,EFL Cup,,3,0,1,73
15,E. Hazard,Premier League,,31,4,4,"2,190"
15,E. Hazard,Champions League,,8,0,1,525
15,E. Hazard,FA Cup,,2,2,3,154
15,E. Hazard,League Cup,,1,0,0,120
15,E. Hazard,Community Shield,,1,0,0,90
14,E. Hazard,Premier League,,38,14,10,"3,379"
14,E. Hazard,Champions League,,7,3,3,654
14,E. Hazard,League Cup,,6,2,0,394
14,E. Hazard,FA Cup,,1,0,0,14
13,E. Hazard,Premier League,,35,14,9,"2,897"
13,E. Hazard,Champions League,,9,2,0,681
13,E. Hazard,FA Cup,,3,0,1,215
13,E. Hazard,League Cup,,1,0,0,37
13,E. Hazard,UEFA Super Cup,,1,1,0,113
12,E. Hazard,Premier League,,34,9,14,"2,638"
12,E. Hazard,Europe League,,7,1,2,448
12,E. Hazard,FA Cup,,6,1,2,365
12,E. Hazard,League Cup,,5,2,2,277
12,E. Hazard,FIFA Club World Cup,,2,0,1,177
12,E. Hazard,Champions League,,6,0,3,457
12,E. Hazard,UEFA Super Cup,,1,0,0,90
12,E. Hazard,Community Shield,,1,0,0,71
11,E. Hazard,Ligue 1,,38,20,18,"3,212"
11,E. Hazard,Coupe de France,,3,1,0,270
11,E. Hazard,Coupe de la Ligue,,1,0,1,90
11,E. Hazard,Champions League,,6,0,2,540
11,E. Hazard,Trophée des Champions,,1,1,1,81
10,E. Hazard,Ligue 1,,38,7,11,"3,083"
10,E. Hazard,Coupe de France,,5,3,0,406
10,E. Hazard,Europe League,,7,0,1,384
10,E. Hazard,Coupe de la Ligue,,2,2,1,134
10,E. Hazard,Europa League Quali,,2,0,1,103
9,E. Hazard,Ligue 1,,37,5,10,"2,688"
9,E. Hazard,Europe League,,9,2,3,658
9,E. Hazard,Coupe de la Ligue,,2,1,0,149
9,E. Hazard,Coupe de France,,1,0,0,54
9,E. Hazard,Europa League Quali,,3,2,0,169
8,E. Hazard,Ligue 1,,30,4,2,"1,261"
8,E. Hazard,Coupe de France,,4,2,2,317
8,E. Hazard,Coupe de la Ligue,,1,0,0,120
7,E. Hazard,Ligue 1,,4,0,0,33
21,Neymar Jr,Ligue 1,,1,0,0,66
20,Neymar Jr,Ligue 1,,18,9,6,"1,416"
20,Neymar Jr,Coupe de France,,3,1,2,136
20,Neymar Jr,Champions League,,9,6,3,746
20,Neymar Jr,Trophée des Champions,,1,1,0,25
19,Neymar Jr,Champions League,,7,3,4,584
19,Neymar Jr,Coupe de la Ligue,,3,1,2,300
19,Neymar Jr,Coupe de France,,2,2,0,180
19,Neymar Jr,Ligue 1,,15,13,6,"1,322"
18,Neymar Jr,Ligue 1,,17,15,8,"1,443"
18,Neymar Jr,Coupe de France,,3,2,3,272
18,Neymar Jr,Coupe de la Ligue,,1,1,0,90
18,Neymar Jr,Champions League,,6,5,2,532
18,Neymar Jr,Trophée des Champions,,1,0,0,14
17,Neymar Jr,Ligue 1,,20,19,13,"1,797"
17,Neymar Jr,Champions League,,7,6,3,630
17,Neymar Jr,Coupe de la Ligue,,2,1,0,180
17,Neymar Jr,Coupe de France,,1,2,0,90
16,Neymar Jr,Copa del Rey,,6,3,3,522
16,Neymar Jr,LaLiga,,30,13,14,"2,653"
16,Neymar Jr,Champions League,,9,4,9,797
15,Neymar Jr,Copa del Rey,,5,4,2,480
15,Neymar Jr,LaLiga,,34,24,16,"3,056"
15,Neymar Jr,Champions League,,9,3,5,810
15,Neymar Jr,FIFA Club World Cup,,1,0,2,88
14,Neymar Jr,Champions League,,12,10,0,"1,025"
14,Neymar Jr,Copa del Rey,,6,7,1,503
14,Neymar Jr,LaLiga,,33,22nd,9,"2,570"
13,Neymar Jr,LaLiga,,26,9,10,"1,736"
13,Neymar Jr,Copa del Rey,,3,1,0,206
13,Neymar Jr,Champions League,,10,4,5,775
13,Neymar Jr,Supercopa,,2,1,0,121
13,Neymar Jr,Série A,,1,0,0,90
12,Neymar Jr,Série A,,17,14,7,"1,493"
12,Neymar Jr,Recopa Sudamericana,,2,1,0,180
12,Neymar Jr,Libertadores,,12,8,3,"1,110"
11,Neymar Jr,FIFA Club World Cup,,2,1,0,180
11,Neymar Jr,Série A,,21,13,5,"1,882"
11,Neymar Jr,Libertadores,,13,6,3,"1,133"
10,Neymar Jr,Série A,,31,17,9,"2,654"
10,Neymar Jr,Copa Sudamericana,,2,0,1,134
9,Neymar Jr,Série A,,33,10,7,"1,621"
21,Lucas Moura,Premier League,,3,0,0,179
21,Lucas Moura,UECL qual,,1,0,0,84
20,Lucas Moura,Premier League,,30,3,4,"1,401"
20,Lucas Moura,EFL Cup,,4,0,0,218
20,Lucas Moura,Europe League,,10,4,1,594
20,Lucas Moura,FA Cup,,3,1,2,210
20,Lucas Moura,Europa League Quali,,3,1,1,131
19,Lucas Moura,Premier League,,35,4,4,"2,246"
19,Lucas Moura,Champions League,,6,1,1,401
19,Lucas Moura,FA Cup,,5,2,0,401
19,Lucas Moura,EFL Cup,,1,0,0,90
18,Lucas Moura,Champions League,,12,5,0,724
18,Lucas Moura,Premier League,,32,10,1,2127
18,Lucas Moura,FA Cup,,2,0,1,171
18,Lucas Moura,EFL Cup,,3,0,0,150
17,Lucas Moura,Premier League,,6,0,1,208
17,Lucas Moura,FA Cup,,4,1,3,248
17,Lucas Moura,Champions League,,1,0,0,1
17,Lucas Moura,Coupe de France,,0,0,0,0
17,Lucas Moura,Ligue 1,,5,1,1,71
17,Lucas Moura,Coupe de la Ligue,,1,0,0,8
17,Lucas Moura,Champions League,,0,0,0,0
16,Lucas Moura,Coupe de France,,5,3,3,278
16,Lucas Moura,Ligue 1,,37,12,4,"2,435"
16,Lucas Moura,Coupe de la Ligue,,3,2,1,163
16,Lucas Moura,Champions League,,7,1,1,512
16,Lucas Moura,Trophée des Champions,,1,1,0,90
15,Lucas Moura,Coupe de France,,6,1,1,187
15,Lucas Moura,Ligue 1,,36,9,4,"2,327"
15,Lucas Moura,Coupe de la Ligue,,4,1,0,207
15,Lucas Moura,Champions League,,9,2,0,366
15,Lucas Moura,Trophée des Champions,,1,0,0,82
14,Lucas Moura,Coupe de France,,4,1,0,203
14,Lucas Moura,Ligue 1,,29,7,6,"1,899"
14,Lucas Moura,Champions League,,8,0,1,506
14,Lucas Moura,Coupe de la Ligue,,4,0,3,270
14,Lucas Moura,Trophée des Champions,,1,0,0,4
13,Lucas Moura,Ligue 1,,36,5,13,"1,929"
13,Lucas Moura,Coupe de la Ligue,,4,0,2,340
13,Lucas Moura,Champions League,,10,0,1,494
13,Lucas Moura,Coupe de France,,2,0,0,117
13,Lucas Moura,Trophée des Champions,,1,0,1,90
12,Lucas Moura,Ligue 1,,10,0,5,738
12,Lucas Moura,Champions League,,4,0,1,316
12,Lucas Moura,Coupe de France,,1,0,0,14
12,Lucas Moura,Copa Sudamericana,,9,2,3,756
12,Lucas Moura,Série A,,21,6,7,"1,814"
11,Lucas Moura,Série A,,28,9,4,"2,367"
11,Lucas Moura,Copa Sudamericana,,3,1,1,240
10,Lucas Moura,Série A,,25,4,4,"1,855"
21,Marquinhos,Ligue 1,,1,0,0,90
20,Marquinhos,Ligue 1,,25,3,1,2129
20,Marquinhos,Coupe de France,,4,0,0,270
20,Marquinhos,Champions League,,10,3,0,817
20,Marquinhos,Trophée des Champions,,1,0,0,90
19,Marquinhos,Champions League,,11,2,0,970
19,Marquinhos,Coupe de la Ligue,,4,1,0,343
19,Marquinhos,Coupe de France,,2,0,0,180
19,Marquinhos,Ligue 1,,19,3,1,"1,472"
19,Marquinhos,Trophée des Champions,,1,0,0,78
18,Marquinhos,Ligue 1,,30,3,2,"2,695"
18,Marquinhos,Coupe de France,,4,0,0,375
18,Marquinhos,Champions League,,7,1,0,630
18,Marquinhos,Coupe de la Ligue,,2,0,0,135
18,Marquinhos,Trophée des Champions,,1,0,0,26
17,Marquinhos,Ligue 1,,26,0,2,"2,263"
17,Marquinhos,Coupe de France,,3,1,0,270
17,Marquinhos,Coupe de la Ligue,,3,1,0,270
17,Marquinhos,Champions League,,8,0,1,720
17,Marquinhos,Trophée des Champions,,1,0,0,90
16,Marquinhos,Coupe de France,,5,1,0,450
16,Marquinhos,Ligue 1,,29,3,0,"2,499"
16,Marquinhos,Champions League,,8,0,0,720
16,Marquinhos,Coupe de la Ligue,,2,0,0,180
15,Marquinhos,Coupe de France,,5,1,0,370
15,Marquinhos,Ligue 1,,29,1,0,"1,920"
15,Marquinhos,Coupe de la Ligue,,3,0,0,270
15,Marquinhos,Champions League,,6,0,0,540
15,Marquinhos,Trophée des Champions,,0,0,0,0
14,Marquinhos,Coupe de France,,5,0,0,450
14,Marquinhos,Ligue 1,,25,2,0,"1,873"
14,Marquinhos,Champions League,,7,0,0,660
14,Marquinhos,Coupe de la Ligue,,4,0,0,360
14,Marquinhos,Trophée des Champions,,1,0,0,90
13,Marquinhos,Ligue 1,,21,2,0,"1,652"
13,Marquinhos,Coupe de la Ligue,,2,0,0,210
13,Marquinhos,Champions League,,8,3,1,530
13,Marquinhos,Coupe de France,,1,0,0,90
12,Marquinhos,Coppa Italia,,4,0,0,360
12,Marquinhos,Series A,,26,0,0,"2,088"
12,Marquinhos,Série A,,6,0,1,454
12,Marquinhos,Libertadores,,0,0,0,0
20,D. Berardi,Series A,,30,17,8,"2,484"
19,D. Berardi,Series A,,31,14,10,"2,501"
19,D. Berardi,Coppa Italia,,1,0,0,90
18,D. Berardi,Series A,,35,8,3,"2,878"
18,D. Berardi,Coppa Italia,,2,2,1,180
17,D. Berardi,Series A,,31,4,2,"2,309"
17,D. Berardi,Coppa Italia,,2,1,0,115
16,D. Berardi,Series A,,21,5,10,"1,738"
16,D. Berardi,Europa League Quali,,4,5,1,304
15,D. Berardi,Series A,,29,7,6,"2,181"
15,D. Berardi,Primavera A,,1,1,1,90
15,D. Berardi,Coppa Italia,,2,0,1,180
14,D. Berardi,Series A,,32,15,11,"2,679"
14,D. Berardi,Coppa Italia,,2,0,2,83
14,D. Berardi,Primavera B,,1,0,0,90
13,D. Berardi,Series A,,29,16,6,"2,185"
13,D. Berardi,Primavera A,,3,1,0,239
13,D. Berardi,Coppa Italia,,1,0,0,74
12,D. Berardi,Series B,,37,11,6,"2,340"
12,D. Berardi,Coppa Italia,,2,0,0,88
11,D. Berardi,Primavera A,,18,5,0,"1,404"
11,D. Berardi,Viareggio,,2,0,0,112
10,D. Berardi,Primavera A,,3,0,0,117
21,J. Brandt,Bundesliga,,2,0,0,46
20,J. Brandt,Bundesliga,,31,3,2,"1,490"
20,J. Brandt,DFB Cup,,5,0,0,205
20,J. Brandt,Champions League,,8,0,0,214
20,J. Brandt,DFL Supercup,,1,1,0,76
19,J. Brandt,Bundesliga,,33,3,8,"2,208"
19,J. Brandt,Champions League,,7,2,3,488
19,J. Brandt,DFB Cup,,2,2,2,180
18,J. Brandt,Bundesliga,,33,7,14,"2,675"
18,J. Brandt,Europe League,,7,1,2,408
18,J. Brandt,DFB Cup,,3,2,1,254
17,J. Brandt,Bundesliga,,34,9,5,"2,334"
17,J. Brandt,DFB Cup,,5,3,2,397
16,J. Brandt,Bundesliga,,32,3,11,"2,305"
16,J. Brandt,Champions League,,8,1,0,534
15,J. Brandt,Bundesliga,,29,9,5,"1,618"
15,J. Brandt,Europe League,,4,0,0,290
15,J. Brandt,DFB Cup,,3,1,3,132
15,J. Brandt,Champions League,,6,0,0,86
15,J. Brandt,CL qual,,2,0,0,21
14,J. Brandt,Bundesliga,,25,4,2,"1,108"
14,J. Brandt,DFB Cup,,4,0,3,316
14,J. Brandt,Champions League,,5,0,0,118
14,J. Brandt,CL qual,,1,0,0,7
13,J. Brandt,Bundesliga,,12,2,3,585
13,J. Brandt,Champions League,,2,0,0,67
13,J. Brandt,DFB Cup,,0,0,0,0
13,J. Brandt,Regional League West,,1,1,1,90
13,J. Brandt,U19 Bundesliga North / Northeast,,14,6,11,"1,228"
12,J. Brandt,U19 Bundesliga finals,,3,1,2,300
12,J. Brandt,U19 Bundesliga North / Northeast,,23,13,12,"1,925"
12,J. Brandt,DFB Cup of Juniors,,2,1,0,180
11,J. Brandt,U17 Bundesliga North / Northeast,,25,14,0,"1,736"
20,O. Dembélé,LaLiga,,30,6,3,"1,776"
20,O. Dembélé,Copa del Rey,,6,2,0,334
20,O. Dembélé,Champions League,,6,3,2,381
20,O. Dembélé,Supercopa,,2,0,0,208
19,O. Dembélé,Champions League,,4,0,0,136
19,O. Dembélé,LaLiga,,5,1,0,356
18,O. Dembélé,LaLiga,,29,8,4,"1,669"
18,O. Dembélé,Champions League,,8,3,1,416
18,O. Dembélé,Copa del Rey,,4,2,3,332
18,O. Dembélé,Supercopa,,1,1,0,86
17,O. Dembélé,LaLiga,,17,3,7,930
17,O. Dembélé,Copa del Rey,,3,0,1,57
17,O. Dembélé,Champions League,,3,1,0,143
17,O. Dembélé,DFL Supercup,,1,0,1,120
16,O. Dembélé,DFB Cup,,6,2,2,510
16,O. Dembélé,Bundesliga,,32,6,13,"2,040"
16,O. Dembélé,Champions League,,10,2,6,769
16,O. Dembélé,DFL Supercup,,1,0,0,68
15,O. Dembélé,Ligue 1,,26,12,5,"1,940"
15,O. Dembélé,Coupe de France,,2,0,0,149
15,O. Dembélé,Coupe de la Ligue,,1,0,0,22
20,M. Rashford,Europe League,,7,2,1,436
20,M. Rashford,Premier League,,37,11,11,"2,923"
20,M. Rashford,FA Cup,,3,1,2,226
20,M. Rashford,EFL Cup,,4,1,1,145
20,M. Rashford,Champions League,,6,6,0,416
19,M. Rashford,Europe League,,6,1,2,414
19,M. Rashford,Premier League,,31,17,9,"2,655"
19,M. Rashford,FA Cup,,4,0,0,172
19,M. Rashford,EFL Cup,,3,4,1,232
18,M. Rashford,Premier League,,33,10,9,"2,343"
18,M. Rashford,Champions League,,10,2,1,724
18,M. Rashford,FA Cup,,4,1,1,224
17,M. Rashford,FA Cup,,5,1,0,263
17,M. Rashford,Premier League,,35,7,5,"1,804"
17,M. Rashford,Champions League,,8,3,2,344
17,M. Rashford,EFL Cup,,3,2,2,221
17,M. Rashford,UEFA Super Cup,,1,0,1,44
16,M. Rashford,Europe League,,11,2,4,767
16,M. Rashford,Premier League,,32,5,2,"1,702"
16,M. Rashford,FA Cup,,3,3,0,269 ​​
16,M. Rashford,EFL Cup,,6,1,1,310
16,M. Rashford,Community Shield,,1,0,0,20
15,M. Rashford,FA Cup,,4,1,0,329
15,M. Rashford,Premier League,,11,5,2,861
15,M. Rashford,Europe League,,3,2,0,225
15,M. Rashford,U21 PL,,8,1,0,295
15,M. Rashford,UEFA Youth League,,5,3,0,391
14,M. Rashford,FA Youth Cup,,1,1,0,90
21,K. Mbappé,Ligue 1,,4,3,2,351
20,K. Mbappé,Ligue 1,,31,27,7,"2,387"
20,K. Mbappé,Coupe de France,,5,7,1,343
20,K. Mbappé,Champions League,,10,8,3,900
20,K. Mbappé,Trophée des Champions,,1,0,0,90
19,K. Mbappé,Champions League,,10,5,6,652
19,K. Mbappé,Coupe de France,,3,4,2,213
19,K. Mbappé,Ligue 1,,20,18,7,"1,515"
19,K. Mbappé,Coupe de la Ligue,,3,2,3,248
19,K. Mbappé,Trophée des Champions,,1,1,0,90
18,K. Mbappé,Ligue 1,,29,33,9,"2,326"
18,K. Mbappé,Coupe de France,,4,2,3,356
18,K. Mbappé,Champions League,,8,4,5,701
18,K. Mbappé,Coupe de la Ligue,,2,0,0,121
17,K. Mbappé,Ligue 1,,27,13,7,"2,096"
17,K. Mbappé,Coupe de France,,5,4,3,399
17,K. Mbappé,Coupe de la Ligue,,4,0,2,255
17,K. Mbappé,Champions League,,8,4,3,658
17,K. Mbappé,Ligue 1,,1,0,0,75
17,K. Mbappé,Trophée des Champions,,1,0,0,71
16,K. Mbappé,Ligue 1,,29,15,11,"1,499"
16,K. Mbappé,Champions League,,9,6,0,536
16,K. Mbappé,Coupe de France,,3,2,3,330
16,K. Mbappé,Coupe de la Ligue,,3,3,0,268
15,K. Mbappé,Coupe Gambardella,,2,3,1,180
15,K. Mbappé,Ligue 1,,11,1,1,289
15,K. Mbappé,Coupe de France,,1,0,0,83
15,K. Mbappé,Coupe de la Ligue,,1,0,0,90
15,K. Mbappé,Europe League,,1,0,1,34
14,K. Mbappé,UEFA Youth League,,1,0,1,30
20,João Félix,LaLiga,,31,7,6,"1,567"
20,João Félix,Champions League,,8,3,0,708
20,João Félix,Copa del Rey,,1,0,0,74
19,João Félix,Champions League,,6,3,1,426
19,João Félix,LaLiga,,27,6,1,"1,746"
19,João Félix,Copa del Rey,,1,0,1,120
19,João Félix,Supercopa,,2,0,0,191
18,João Félix,League NOS,,26,15,9,"1,735"
18,João Félix,Europe League,,6,3,1,494
18,João Félix,Taça de Portugal,,6,1,1,365
18,João Félix,Allianz Cup,,2,1,0,180
18,João Félix,Champions League,,1,0,0,77
18,João Félix,CL qual,,2,0,0,15
17,João Félix,League Portugal 2,,17,4,5,"1,134"
17,João Félix,UEFA Youth League,,5,1,0,414
16,João Félix,League Portugal 2,,12,3,0,617
16,João Félix,UEFA Youth League,,10,6,1,807
21,Vinícius Jr.,LaLiga,,3,3,0,133
20,Vinícius Jr.,LaLiga,,35,3,5,"1,971"
20,Vinícius Jr.,Champions League,,12,3,2,638
20,Vinícius Jr.,Copa del Rey,,1,0,0,90
20,Vinícius Jr.,Supercopa,,1,0,0,23
19,Vinícius Jr.,Champions League,,5,1,1,193
19,Vinícius Jr.,LaLiga,,29,3,2,"1,354"
19,Vinícius Jr.,Copa del Rey,,3,1,1,253
19,Vinícius Jr.,Supercopa,,1,0,0,17
18,Vinícius Jr.,LaLiga,,18,1,2,864
18,Vinícius Jr.,Champions League,,4,0,2,234
18,Vinícius Jr.,Copa del Rey,,8,2,7,638
18,Vinícius Jr.,FIFA Club World Cup,,1,0,1,6
18,Vinícius Jr.,2ª B - Group I,,5,4,1,428
18,Vinícius Jr.,UEFA Super Cup,,0,0,0,0
18,Vinícius Jr.,Série A,,12,4,3,976
18,Vinícius Jr.,Libertadores,,5,2,0,359
17,Vinícius Jr.,Copa Sudamericana,,7,1,0,203
17,Vinícius Jr.,Série A,,25,3,1,705
21,Lucas Leiva,Series A,,2,0,0,172
20,Lucas Leiva,Series A,,32,0,0,2157
20,Lucas Leiva,Champions League,,5,0,1,356
19,Lucas Leiva,Series A,,25,0,1,"1,816"
19,Lucas Leiva,Coppa Italia,,1,0,0,25
19,Lucas Leiva,Supercoppa Italiana,,1,0,0,64
19,Lucas Leiva,Europe League,,3,0,0,238
18,Lucas Leiva,Series A,,27,0,2,"1,988"
18,Lucas Leiva,Coppa Italia,,5,0,1,480
18,Lucas Leiva,Europe League,,4,0,1,243
17,Lucas Leiva,Series A,,36,2,1,"2,893"
17,Lucas Leiva,Europe League,,9,2,2,668
17,Lucas Leiva,Coppa Italia,,4,0,2,390
17,Lucas Leiva,Supercoppa Italiana,,1,0,0,80
16,Lucas Leiva,Premier League,,24,0,3,"1,103"
16,Lucas Leiva,FA Cup,,3,1,0,270
16,Lucas Leiva,EFL Cup,,4,0,0,360
16,Lucas Leiva,Premier League 2,,1,0,0,45
15,Lucas Leiva,Europe League,,7,0,0,333
15,Lucas Leiva,Premier League,,27,0,1,"1,952"
15,Lucas Leiva,League Cup,,5,0,0,445
15,Lucas Leiva,FA Cup,,1,0,0,120
14,Lucas Leiva,Premier League,,20,0,0,"1,313"
14,Lucas Leiva,FA Cup,,3,0,0,203
14,Lucas Leiva,League Cup,,5,0,0,510
14,Lucas Leiva,Champions League,,4,0,0,255
13,Lucas Leiva,Premier League,,27,0,0,"1,869"
13,Lucas Leiva,U21 PL,,1,0,0,90
13,Lucas Leiva,FA Cup,,1,0,0,44
13,Lucas Leiva,League Cup,,1,0,0,67
12,Lucas Leiva,Premier League,,26,0,1,"1,950"
12,Lucas Leiva,Europe League,,2,0,0,102
12,Lucas Leiva,FA Cup,,1,0,0,90
12,Lucas Leiva,U21 PL,,1,0,0,62
12,Lucas Leiva,Europa League Quali,,2,0,0,111
11,Lucas Leiva,League Cup,,3,0,1,250
11,Lucas Leiva,Premier League,,12,0,0,"1,045"
10,Lucas Leiva,Premier League,,33,0,2,"2,859"
10,Lucas Leiva,Europe League,,8,1,0,470
10,Lucas Leiva,FA Cup,,1,0,0,90
10,Lucas Leiva,League Cup,,1,0,0,120
10,Lucas Leiva,Europa League Quali,,4,0,0,343
9,Lucas Leiva,Premier League,,35,0,2,"2,844"
9,Lucas Leiva,Europe League,,8,1,3,660
9,Lucas Leiva,FA Cup,,2,0,0,210
9,Lucas Leiva,Champions League,,5,0,0,450
8,Lucas Leiva,Premier League,,25,1,2,"1,286"
8,Lucas Leiva,Champions League,,10,1,2,428
8,Lucas Leiva,FA Cup,,2,0,0,120
8,Lucas Leiva,League Cup,,2,1,0,180
7,Lucas Leiva,Premier League,,18,0,4,1105
7,Lucas Leiva,Champions League,,6,0,0,203
7,Lucas Leiva,FA Cup,,4,1,0,272
7,Lucas Leiva,League Cup,,3,0,0,266
7,Lucas Leiva,CL qual,,1,0,0,22
7,Lucas Leiva,Libertadores,,8,1,0,496
7,Lucas Leiva,Série A,,3,0,0,230
6,Lucas Leiva,Série A,,8,0,0,720
20,Ivo,CSL Relegation Stage (2020),,2,1,0,135
20,Ivo,Super League,,9,1,3,617
19,Ivo,Super League,,26,7,5,"2,336"
18,Ivo,Super League,,18,1,7,"1,620"
18,Ivo,Super League,,8,0,1,702
18,Ivo,Chinese FA Cup,,1,0,0,120
17,Ivo,League One,,25,6,8,"2,062"
16,Ivo,Super League,,29,4,8,"2,527"
16,Ivo,Chinese FA Cup,,3,2,1,284
15,Ivo,Super League,,29,7,13,"2,585"
15,Ivo,Chinese FA Cup,,1,0,0,21
14,Ivo,K League relegation round,,4,0,1,348
14,Ivo,K League 1,,29,7,0,"2,159"
13,Ivo,Série A,,16,1,1,"1,056"
12,Ivo,K League relegation round,,12,3,0,932
12,Ivo,K League Classic,,15,1,0,"1,090"
12,Ivo,Korean FA Cup,,2,1,0,179
11,Ivo,Série B,,26,2,0,"1,065"
10,Ivo,Série B,,25,3,0,"1,796"
10,Ivo,Série A,,2,0,0,39
9,Ivo,Série B,,22,0,0,"1,551"
7,Ivo,Série A,,13,2,2,528
19,Gelson Fernandes,Bundesliga,,11,0,0,778
19,Gelson Fernandes,Europe League,,5,0,0,239
19,Gelson Fernandes,DFB Cup,,2,0,0,165
19,Gelson Fernandes,Europa League Quali,,4,0,0,174
18,Gelson Fernandes,Bundesliga,,28,1,0,"2,253"
18,Gelson Fernandes,Europe League,,9,0,0,773
18,Gelson Fernandes,DFL Supercup,,0,0,0,0
17,Gelson Fernandes,Bundesliga,,19,0,0,"1,034"
17,Gelson Fernandes,DFB Cup,,3,0,0,104
16,Gelson Fernandes,Ligue 1,,27,0,0,"1,837"
16,Gelson Fernandes,Coupe de la Ligue,,1,0,0,44
15,Gelson Fernandes,Ligue 1,,33,1,1,"2,902"
15,Gelson Fernandes,Coupe de France,,2,0,0,203
15,Gelson Fernandes,Coupe de la Ligue,,2,0,0,98
14,Gelson Fernandes,Ligue 1,,33,0,0,"2,799"
14,Gelson Fernandes,Coupe de France,,2,0,0,197
14,Gelson Fernandes,Coupe de la Ligue,,1,0,0,6
13,Gelson Fernandes,Bundesliga,,30,1,2,"2,216"
13,Gelson Fernandes,Europe League,,5,0,0,390
13,Gelson Fernandes,DFB Cup,,3,0,0,300
12,Gelson Fernandes,Super League,,14,0,0,"1,215"
12,Gelson Fernandes,Swiss Cup,,2,0,0,171
12,Gelson Fernandes,Allianz Cup,,0,0,0,0
12,Gelson Fernandes,League Sagres,,6,0,0,388
12,Gelson Fernandes,Europe League,,6,0,0,437
12,Gelson Fernandes,Taça de Portugal,,0,0,0,0
11,Gelson Fernandes,Series A,,16,1,1,"1,131"
11,Gelson Fernandes,Coppa Italia,,1,0,0,90
11,Gelson Fernandes,Championship,,15,1,2,961
11,Gelson Fernandes,League Cup,,3,0,0,58
10,Gelson Fernandes,Series A,,29,2,2,"2,336"
10,Gelson Fernandes,Primavera final round,,1,0,0,29
10,Gelson Fernandes,Ligue 1,,0,0,0,0
9,Gelson Fernandes,Ligue 1,,33,0,0,"2,544"
9,Gelson Fernandes,Coupe de France,,3,0,0,267
9,Gelson Fernandes,Coupe de la Ligue,,2,0,0,96
8,Gelson Fernandes,Premier League,,17,1,0,491
8,Gelson Fernandes,UEFA Cup,,5,0,0,206
8,Gelson Fernandes,FA Cup,,1,0,0,60
8,Gelson Fernandes,League Cup,,1,1,0,120
8,Gelson Fernandes,UEFA-Cup Quali,,3,0,0,169
7,Gelson Fernandes,Premier League,,26,2,0,1956
7,Gelson Fernandes,FA Cup,,3,0,0,117
7,Gelson Fernandes,League Cup,,3,0,0,170
6,Gelson Fernandes,Super League,,34,1,0,"2,832"
6,Gelson Fernandes,Swisscom Cup,,3,2,0,270
6,Gelson Fernandes,UEFA Cup,,2,1,0,180
6,Gelson Fernandes,UEFA-Cup Quali,,2,0,0,180
5,Gelson Fernandes,Super League Barrage,,2,0,0,180
5,Gelson Fernandes,Challenge League,,22,0,0,"1,675"
5,Gelson Fernandes,Swisscom Cup,,5,0,0,437
4,Gelson Fernandes,Challenge League,,9,0,0,364
4,Gelson Fernandes,Swisscom Cup,,1,0,0,10
3,Gelson Fernandes,Challenge League,,28,0,0,"2,265"
2,Gelson Fernandes,Promotion / Relegation Round NLA / NLB,,6,0,0,219
21,J. Dahlin,CL qual,,8,0,0,2
21,J. Dahlin,Allsvenskan,,7,0,0,5
20,J. Dahlin,Allsvenskan,,14,0,0,5
19,J. Dahlin,Svenska Cupen,,6,0,0,3
19,J. Dahlin,Europe League,,8,0,0,2
19,J. Dahlin,Europa League Quali,,6,0,0,4
19,J. Dahlin,Allsvenskan,,29,0,0,16
18,J. Dahlin,Europe League,,8,0,0,2
18,J. Dahlin,Europa League Quali,,2,0,0,1
18,J. Dahlin,CL qual,,6,0,0,4
18,J. Dahlin,Allsvenskan,,25,0,0,10
17,J. Dahlin,Svenska Cupen,,7,0,0,4
17,J. Dahlin,Allsvenskan,,11,0,0,6
17,J. Dahlin,U21 Allsvenskan Södra,,1,0,0,1
16,J. Dahlin,Superligaen Releg.,,1,0,0,1
16,J. Dahlin,Superligaen Meisterr.,,9,0,0,0
16,J. Dahlin,Sydbank trophies,,4,0,0,1
16,J. Dahlin,Super league,,15,0,0,5
16,J. Dahlin,Europa League Quali,,8,0,0,4
15,J. Dahlin,Super league,,4,0,0,3
15,J. Dahlin,Europe League,,0,0,0,0
15,J. Dahlin,Europa League Quali,,2,0,0,1
15,J. Dahlin,CL qual,,3,0,0,2
14,J. Dahlin,Super league,,10,0,0,4
14,J. Dahlin,Super Lig,,10,0,0,2
14,J. Dahlin,Türkiye Kupasi,,0,0,0,0
13,J. Dahlin,Super Lig,,9,0,0,3
13,J. Dahlin,Europa League Quali,,6,0,0,5
13,J. Dahlin,Allsvenskan,,22,0,0,8
12,J. Dahlin,Svenska Cupen,,0,0,0,0
13,J. Dahlin,U21 Allsvenskan Södra,,3,0,0,1
11,J. Dahlin,Svenska Cupen,,3,0,0,1
12,J. Dahlin,Allsvenskan,,29,0,0,12
11,J. Dahlin,Europe League,,6,0,0,1
11,J. Dahlin,CL qual,,0,0,0,0
11,J. Dahlin,Allsvenskan,,12,0,0,4
10,J. Dahlin,Allsvenskan,,29,0,0,15
9,J. Dahlin,Svenska Cupen,,1,0,0,1
9,J. Dahlin,Tippeligaen,,13,0,0,3
9,J. Dahlin,Allsvenskan,,12,0,0,7
8,J. Dahlin,Tippeligaen,,1,0,0,1
8,J. Dahlin,Allsvenskan,,14,0,0,3
7,J. Dahlin,Tippeligaen,,4,0,0,2
6,J. Dahlin,UEFA-Cup Quali,,1,0,0,0
6,J. Dahlin,Tippeligaen,,12,0,0,4
5,J. Dahlin,Tippeligaen,,0,0,0,0
20,J. Harris,National League,,32,1,0,"2,359"
19,J. Harris,National League,,5,0,0,371
19,J. Harris,League Two,,25,1,1,"2,205"
19,J. Harris,EFL Trophy,,1,0,0,90
19,J. Harris,EFL Cup,,2,0,0,180
18,J. Harris,League Two Playoffs,,3,0,0,233
18,J. Harris,League Two,,21,1,0,"1,317"
18,J. Harris,FA Cup,,5,0,0,399
18,J. Harris,EFL Trophy,,3,1,0,270
18,J. Harris,EFL Cup,,1,0,0,19
17,J. Harris,National League Playoffs,,2,0,0,70
17,J. Harris,National League,,38,0,2,"2,455"
17,J. Harris,FA Cup,,1,0,0,25
16,J. Harris,National League,,31,4,4,"2,388"
15,J. Harris,National League,,41,3,2,"3,575"
14,J. Harris,Conference,,29,3,2,"1,992"
14,J. Harris,FA Cup,,2,0,0,180
13,J. Harris,Conference,,36,2,2,"3,088"
13,J. Harris,FA Cup,,2,1,0,179
12,J. Harris,National League Playoffs,,3,0,1,268
12,J. Harris,Conference,,37,4,1,"3,256"
12,J. Harris,FA Cup,,1,0,0,90
11,J. Harris,National League Playoffs,,2,0,0,178
11,J. Harris,Conference,,38,3,3,"3,141"
11,J. Harris,FA Cup,,4,0,0,390
10,J. Harris,National League Playoffs,,2,0,0,166
10,J. Harris,Conference,,5,0,0,420
8,J. Harris,League Two,,31,0,0,"2,206"
8,J. Harris,FA Cup,,1,0,0,90
8,J. Harris,League Cup,,1,0,0,44
7,J. Harris,League Two,,41,0,2,"3,254"
7,J. Harris,League Cup,,1,0,0,90
6,J. Harris,League Two,,32,2,1,"2,202"
6,J. Harris,League Cup,,1,0,0,70
21,S. Iacoponi,Series B,,0,0,0,0
21,S. Iacoponi,Coppa Italia,,0,0,0,0
20,S. Iacoponi,Series A,,16,0,0,"1,192"
20,S. Iacoponi,Coppa Italia,,2,0,0,180
19,S. Iacoponi,Series A,,36,2,0,"3,054"
19,S. Iacoponi,Coppa Italia,,2,1,0,116
18,S. Iacoponi,Series A,,38,0,0,"3,349"
18,S. Iacoponi,Coppa Italia,,1,0,0,90
17,S. Iacoponi,Series B,,40,1,0,"3,589"
17,S. Iacoponi,Coppa Italia,,1,0,0,90
16,S. Iacoponi,PlayOff Lega Pro,,6,0,0,570
16,S. Iacoponi,Lega Pro B,,15,1,1,"1,350"
16,S. Iacoponi,Series B,,23,1,2,1993
16,S. Iacoponi,Coppa Italia,,2,0,0,180
15,S. Iacoponi,Series B,,29,2,1,"2,395"
14,S. Iacoponi,Serie B play-out,,2,0,0,180
14,S. Iacoponi,Series B,,40,2,2,"3,516"
14,S. Iacoponi,Coppa Italia,,2,0,0,210
13,S. Iacoponi,Lega Pro 1a - A,,13,1,0,"1,148"
13,S. Iacoponi,Lega Pro 1a - A,,14,1,0,"1,260"
13,S. Iacoponi,Coppa Lega Pro,,1,0,0,45
13,S. Iacoponi,Coppa Italia,,2,0,0,180
12,S. Iacoponi,PlayOff Lega Pro,,2,1,0,180
12,S. Iacoponi,Lega Pro 1a - A,,31,4,0,"2,785"
11,S. Iacoponi,Lega Pro 1 - B,,31,1,0,"2,463"
10,S. Iacoponi,PlayOut Lega Pro,,2,0,0,180
10,S. Iacoponi,Lega Pro 1 - B,,29,1,0,"2,475"
10,S. Iacoponi,Series B,,0,0,0,0
9,S. Iacoponi,Series B,,6,0,0,494
9,S. Iacoponi,Coppa Italia,,1,0,0,90
8,S. Iacoponi,Lega Pro 1a - A,,3,1,0,224
8,S. Iacoponi,Coppa Italia,,2,0,0,130
7,S. Iacoponi,Primavera B,,20,2,0,"1,685"
7,S. Iacoponi,Viareggio,,1,0,0,90
7,S. Iacoponi,UEFA Cup,,1,0,0,81
6,S. Iacoponi,Series A,,1,0,0,25
6,S. Iacoponi,Coppa Italia,,4,1,0,303
21,J. Taylor,League Two,,2,0,0,96
21,J. Taylor,EFL Cup,,1,0,0,90
20,J. Taylor,League Two,,34,0,2,"2,480"
20,J. Taylor,FA Cup,,0,0,0,0
20,J. Taylor,EFL Trophy,,3,1,0,270
20,J. Taylor,EFL Cup,,0,0,0,0
19,J. Taylor,National League,,32,0,0,"2,349"
18,J. Taylor,National League,,43,1,1,"3,758"
17,J. Taylor,National League Playoffs,,0,0,0,0
17,J. Taylor,National League,,16,0,0,536
17,J. Taylor,FA Cup,,2,0,0,90
16,J. Taylor,FA Cup,,3,0,1,225
16,J. Taylor,National League,,20,0,2,"1,785"
16,J. Taylor,League One,,0,0,0,0
15,J. Taylor,League Two,,30,1,0,739
15,J. Taylor,FA Cup,,3,1,0,181
15,J. Taylor,FL Trophy,,2,0,0,83
15,J. Taylor,League Cup,,2,0,0,150
14,J. Taylor,League Two,,21,0,2,"1,890"
14,J. Taylor,FA Cup,,2,0,0,180
14,J. Taylor,League Two,,16,0,0,"1,351"
14,J. Taylor,EFL Trophy,,2,0,0,170
14,J. Taylor,League Cup,,1,0,0,90
13,J. Taylor,League Two,,33,2,0,"2,183"
13,J. Taylor,FA Cup,,1,0,0,90
13,J. Taylor,EFL Trophy,,1,1,0,120
13,J. Taylor,League Cup,,1,0,0,90
12,J. Taylor,League Two Playoffs,,1,0,0,19
12,J. Taylor,League Two,,16,0,1,"1,149"
12,J. Taylor,League Two,,20,2,0,"1,547"
12,J. Taylor,FA Cup,,4,0,0,266
12,J. Taylor,EFL Trophy,,1,0,0,90
12,J. Taylor,League Cup,,1,0,0,107
11,J. Taylor,League Two,,39,2,4,"3,306"
11,J. Taylor,FA Cup,,1,0,0,90
11,J. Taylor,EFL Trophy,,1,0,0,90
11,J. Taylor,League Cup,,1,0,0,90
10,J. Taylor,League Two,,42,5,2,"3,387"
10,J. Taylor,FA Cup,,1,0,0,90
10,J. Taylor,EFL Trophy,,1,0,0,64
10,J. Taylor,League Cup,,1,0,0,77
9,J. Taylor,League Two,,23,1,1,1956
9,J. Taylor,FA Cup,,0,0,0,0
9,J. Taylor,League Two,,3,0,0,173
9,J. Taylor,League Cup,,2,0,0,116
8,J. Taylor,League Two,,15,1,0,808
8,J. Taylor,League One,,8,1,0,491
8,J. Taylor,FA Cup,,3,0,0,225
7,J. Taylor,League Two Playoffs,,1,0,0,23
7,J. Taylor,League Two,,42,4,2,"3,444"
7,J. Taylor,League Cup,,2,0,0,180
6,J. Taylor,League Two,,45,1,1,"3,938"
6,J. Taylor,FA Cup,,2,0,0,180
6,J. Taylor,League Cup,,1,0,0,90
5,J. Taylor,League Two,,9,0,1,769
5,J. Taylor,EFL Trophy,,1,0,0,18
5,J. Taylor,League One,,0,0,0,0
5,J. Taylor,League Two,,12,1,0,348
4,J. Taylor,League Two,,20,2,0,653
21,S. Strømnes,OBOS leagues,,11,0,0,888
20,S. Strømnes,OBOS leagues,,27,3,1,"2,330"
19,S. Strømnes,Elite series,,13,0,0,"1,001"
19,S. Strømnes,NM Cup,,2,0,1,174
18,S. Strømnes,Relegation to the elite series,,0,0,0,0
18,S. Strømnes,Elite series,,5,0,0,287
18,S. Strømnes,PostNord-Ligaen Avd. 1,,9,0,0,666
18,S. Strømnes,NM Cup,,2,0,0,184
17,S. Strømnes,OBOS leagues,,26,1,2,"2,069"
17,S. Strømnes,NM Cup,,1,0,0,90
16,S. Strømnes,OBOS leagues,,29,2,2,"2,582"
16,S. Strømnes,NM Cup,,3,0,0,300
15,S. Strømnes,OBOS leagues,,29,2,2,"2,483"
15,S. Strømnes,NM Cup,,4,0,0,420
14,S. Strømnes,1. divisjon,,26,1,0,2162
14,S. Strømnes,NM Cup,,3,0,0,239
13,S. Strømnes,Adeccoligaen,,29,2,0,"2,429"
13,S. Strømnes,NM Cup,,1,0,0,90
12,S. Strømnes,Adeccoligaen,,27,0,1,"2,300"
12,S. Strømnes,NM Cup,,1,0,0,90
11,S. Strømnes,Superettan,,17,0,0,748
10,S. Strømnes,Svenska Cupen,,2,0,0,180
10,S. Strømnes,Allsvenskan,,11,0,0,666
9,S. Strømnes,Relegation to the elite series,,3,0,0,123
9,S. Strømnes,Adeccoligaen,,24,0,0,"1,648"
8,S. Strømnes,Adeccoligaen,,29,0,0,"2,463"
7,S. Strømnes,UEFA-Cup Quali,,0,0,0,0
7,S. Strømnes,Adeccoligaen,,7,0,0,520
7,S. Strømnes,Tippeligaen,,1,0,0,9
7,S. Strømnes,Adeccoligaen,,1,0,0,26
6,S. Strømnes,Tippeligaen,,4,0,0,115
5,S. Strømnes,UEFA Cup,,2,0,0,134
5,S. Strømnes,Tippeligaen,,0,0,0,0
20,De Lucas,League 1,,4,0,0,102
20,De Lucas,League 1,,12,0,0,973
19,De Lucas,League 1 - relegation round,,14,0,0,"1,183"
19,De Lucas,League 1,,5,0,1,450
19,De Lucas,Super League 1,,6,0,0,182
19,De Lucas,Kypello Elladas,,2,0,0,101
18,De Lucas,Super League,,9,0,0,471
18,De Lucas,Kypello Elladas,,1,0,0,90
17,De Lucas,Super League,,26,1,1,2115
17,De Lucas,Kypello Elladas,,4,0,0,227
16,De Lucas,Super League,,28,1,1,"2,261"
16,De Lucas,Kypello Elladas,,6,0,1,405
15,De Lucas,League 1 - championship round,,10,1,0,742
15,De Lucas,League 1,,3,1,0,239
15,De Lucas,Ligat ha'Al,,9,0,0,748
15,De Lucas,Europa League Quali,,1,0,0,21
14,De Lucas,League 1,,25,1,2,"2,229"
14,De Lucas,Cupa României,,2,0,0,180
14,De Lucas,Europe League,,2,0,0,164
14,De Lucas,Europa League Quali,,4,2,2,360
14,De Lucas,Cupa Ligii,,1,0,0,29
13,De Lucas,League 1,,28,1,1,"2,213"
13,De Lucas,Cupa României,,4,0,0,278
13,De Lucas,Europe League,,1,0,0,45
13,De Lucas,Europa League Quali,,4,1,2,360
12,De Lucas,2ª B - Group I,,31,6,1,"2,515"
11,De Lucas,2ª B - Group II,,32,0,1,"2,688"
11,De Lucas,Copa del Rey,,2,2,0,210
10,De Lucas,LaLiga2,,0,0,0,0
10,De Lucas,2ª B - Group I,,34,7,0,"2,881"
9,De Lucas,2ª B - Group IV,,12,0,0,539
9,De Lucas,2ª B - Group III,,17,1,0,916
9,De Lucas,Copa del Rey,,1,0,0,29
8,De Lucas,LaLiga2,,10,0,0,268
8,De Lucas,LaLiga,,0,0,0,0
8,De Lucas,Copa del Rey,,2,0,0,180
7,De Lucas,League BBVA,,12,1,0,235
6,De Lucas,League BBVA,,1,0,0,58
21,K. Benzema,LaLiga,,3,2,3,269 ​​
20,K. Benzema,LaLiga,,34,23,9,"2,902"
20,K. Benzema,Champions League,,10,6,0,841
20,K. Benzema,Copa del Rey,,1,0,0,53
20,K. Benzema,Supercopa,,1,1,0,88
19,K. Benzema,Champions League,,8,5,2,643
19,K. Benzema,LaLiga,,37,21,8,"3,156"
19,K. Benzema,Copa del Rey,,3,1,1,182
18,K. Benzema,LaLiga,,36,21,7,"2,962"
18,K. Benzema,Champions League,,8,4,2,587
18,K. Benzema,Copa del Rey,,6,4,1,456
18,K. Benzema,FIFA Club World Cup,,2,0,1,180
18,K. Benzema,UEFA Super Cup,,1,1,0,120
17,K. Benzema,Champions League,,9,5,0,600
17,K. Benzema,LaLiga,,32,5,11,"2,156"
17,K. Benzema,Copa del Rey,,1,1,0,90
17,K. Benzema,FIFA Club World Cup,,2,0,0,160
17,K. Benzema,Supercopa,,2,1,0,148
17,K. Benzema,UEFA Super Cup,,1,0,0,83
16,K. Benzema,Champions League,,13,5,1,953
16,K. Benzema,LaLiga,,29,11,5,"1,914"
16,K. Benzema,Copa del Rey,,3,1,1,114
16,K. Benzema,FIFA Club World Cup,,2,2,1,200
16,K. Benzema,UEFA Super Cup,,1,0,0,58
15,K. Benzema,Champions League,,9,4,0,603
15,K. Benzema,LaLiga,,27,24,8,"1,990"
14,K. Benzema,LaLiga,,29,15,11,"2,315"
14,K. Benzema,Champions League,,9,6,2,663
14,K. Benzema,Copa del Rey,,3,0,1,241
14,K. Benzema,FIFA Club World Cup,,2,1,0,180
14,K. Benzema,Supercopa,,2,0,0,180
14,K. Benzema,UEFA Super Cup,,1,0,1,90
13,K. Benzema,Champions League,,11,5,5,913
13,K. Benzema,LaLiga,,35,17,10,"2,767"
13,K. Benzema,Copa del Rey,,6,2,1,374
12,K. Benzema,LaLiga,,30,11,13,"1,777"
12,K. Benzema,Copa del Rey,,8,4,3,504
12,K. Benzema,Champions League,,10,5,5,531
12,K. Benzema,Supercopa,,2,0,0,70
11,K. Benzema,LaLiga,,34,21,11,"2,251"
11,K. Benzema,Champions League,,11,7,5,760
11,K. Benzema,Copa del Rey,,5,3,1,262
11,K. Benzema,Supercopa,,2,1,2,170
10,K. Benzema,LaLiga,,33,15,6,"1,885"
10,K. Benzema,Champions League,,8,6,1,372
10,K. Benzema,Copa del Rey,,7,5,2,492
9,K. Benzema,LaLiga,,27,8,5,"1,309"
9,K. Benzema,Champions League,,5,1,1,315
9,K. Benzema,Copa del Rey,,1,0,0,90
8,K. Benzema,Ligue 1,,36,17,4,"2,764"
8,K. Benzema,Champions League,,8,5,2,704
8,K. Benzema,Coupe de France,,2,1,0,156
8,K. Benzema,Trophée des Champions,,1,0,0,120
7,K. Benzema,Coupe de France,,6,6,0,485
7,K. Benzema,Ligue 1,,36,20,9,"2,596"
7,K. Benzema,Champions League,,7,4,1,594
7,K. Benzema,Coupe de la Ligue,,2,1,0,107
7,K. Benzema,Trophée des Champions,,1,0,0,90
6,K. Benzema,Ligue 1,,21,5,5,"1,158"
6,K. Benzema,Coupe de la Ligue,,1,0,0,29
6,K. Benzema,Champions League,,3,2,0,101
6,K. Benzema,Coupe de France,,1,0,0,32
6,K. Benzema,Trophée des Champions,,1,1,0,120
5,K. Benzema,Ligue 1,,13,1,4,526
5,K. Benzema,Champions League,,1,1,0,90
5,K. Benzema,Coupe de France,,2,2,0,180
4,K. Benzema,Ligue 1,,6,0,1,107
4,K. Benzema,Champions League,,0,0,0,0
21,R. Hennings,2nd Bundesliga,,5,3,0,438
21,R. Hennings,DFB Cup,,1,2,1,63
20,R. Hennings,2nd Bundesliga,,33,9,4,"2,108"
20,R. Hennings,DFB Cup,,2,2,0,180
19,R. Hennings,Bundesliga,,32,15,0,"2,459"
19,R. Hennings,DFB Cup,,4,4,0,420
18,R. Hennings,Bundesliga,,29,7,6,"1,831"
18,R. Hennings,DFB Cup,,3,2,1,238
17,R. Hennings,2nd Bundesliga,,33,13,7,"2,657"
17,R. Hennings,DFB Cup,,2,2,1,147
16,R. Hennings,2nd Bundesliga,,30,9,3,"2,562"
16,R. Hennings,DFB Cup,,0,0,0,0
15,R. Hennings,Championship,,26,1,0,472
15,R. Hennings,FA Cup,,2,1,0,105
15,R. Hennings,DFB Cup,,1,0,0,90
15,R. Hennings,2nd Bundesliga,,2,0,0,180
14,R. Hennings,Relegation 1st Bundesliga,,2,1,1,210
14,R. Hennings,2nd Bundesliga,,27,17,4,2113
14,R. Hennings,DFB Cup,,1,0,0,90
13,R. Hennings,2nd Bundesliga,,31,10,5,"1,652"
12,R. Hennings,3rd league,,35,9,14,"2,807"
12,R. Hennings,DFB Cup,,3,0,0,250
11,R. Hennings,3rd league,,17,5,6,"1,491"
11,R. Hennings,2nd Bundesliga,,6,0,0,147
11,R. Hennings,RL North (until 11/12),,3,3,0,270
11,R. Hennings,DFB Cup,,1,0,0,20
10,R. Hennings,Bundesliga,,16,1,0,815
10,R. Hennings,DFB Cup,,1,0,0,21
9,R. Hennings,2nd Bundesliga,,29,9,5,1007
9,R. Hennings,DFB Cup,,2,0,0,105
8,R. Hennings,2nd Bundesliga,,21,2,1,"1,070"
8,R. Hennings,DFB Cup,,1,0,0,117
7,R. Hennings,2nd Bundesliga,,29,2,7,"2,075"
7,R. Hennings,DFB Cup,,1,0,0,27
6,R. Hennings,Regionalliga North,,29,8,0,"2,059"
6,R. Hennings,Bundesliga,,0,0,0,0
6,R. Hennings,Champions League,,0,0,0,0
5,R. Hennings,Regionalliga North,,22,3,1,"1,417"
5,R. Hennings,Bundesliga,,0,0,0,0
5,R. Hennings,U19 Bundesliga North / Northeast,,8,10,0,517
4,R. Hennings,U19 Bundesliga North / Northeast,,22,9,0,"1,823"
3,R. Hennings,U19 Bundesliga North / Northeast,,9,2,0,467
21,D. McGoldrick,EFL Cup,,1,0,0,61
21,D. McGoldrick,Championship,,4,0,1,249
20,D. McGoldrick,Premier League,,35,8,1,"2,402"
20,D. McGoldrick,FA Cup,,4,0,1,281
20,D. McGoldrick,EFL Cup,,1,1,0,62
19,D. McGoldrick,Premier League,,28,2,2,"1,824"
19,D. McGoldrick,FA Cup,,2,2,0,169
19,D. McGoldrick,EFL Cup,,0,0,0,0
18,D. McGoldrick,Championship,,45,15,4,"3,260"
18,D. McGoldrick,FA Cup,,0,0,0,0
17,D. McGoldrick,Championship,,22,6,5,"1,615"
17,D. McGoldrick,FA Cup,,1,0,0,90
17,D. McGoldrick,EFL Cup,,1,2,0,90
16,D. McGoldrick,Championship,,30,5,4,"2,379"
16,D. McGoldrick,EFL Cup,,1,0,0,44
15,D. McGoldrick,Championship,,24,4,1,"1,151"
15,D. McGoldrick,League Cup,,3,1,4,271
14,D. McGoldrick,Championship playoffs,,1,0,0,19
14,D. McGoldrick,Championship,,26,7,6,2164
14,D. McGoldrick,FA Cup,,2,0,0,153
13,D. McGoldrick,Championship,,31,14,4,"2,676"
13,D. McGoldrick,FA Cup,,2,2,0,77
13,D. McGoldrick,League Cup,,1,0,0,34
12,D. McGoldrick,Championship,,13,4,1,984
12,D. McGoldrick,FA Cup,,1,0,0,30
12,D. McGoldrick,League One,,22,16,1,"1,912"
12,D. McGoldrick,EFL Trophy,,3,1,1,330
12,D. McGoldrick,League Cup,,1,0,0,90
12,D. McGoldrick,Championship,,0,0,0,0
11,D. McGoldrick,FA Cup,,1,0,0,44
11,D. McGoldrick,Championship,,9,0,0,265
11,D. McGoldrick,League One,,4,1,0,206
11,D. McGoldrick,League Cup,,0,0,0,0
10,D. McGoldrick,Championship playoffs,,1,0,0,78
10,D. McGoldrick,Championship,,21,5,1,904
10,D. McGoldrick,FA Cup,,2,1,2,158
9,D. McGoldrick,Championship playoffs,,2,0,0,20
9,D. McGoldrick,Championship,,33,3,2,"1,651"
9,D. McGoldrick,FA Cup,,1,0,0,67
9,D. McGoldrick,League Cup,,2,0,0,53
8,D. McGoldrick,Championship,,46,12,1,"3,884"
8,D. McGoldrick,FA Cup,,1,0,1,90
8,D. McGoldrick,League Cup,,3,2,1,270
7,D. McGoldrick,Championship,,8,0,1,195
7,D. McGoldrick,FA Cup,,2,0,0,15
7,D. McGoldrick,League One,,17,2,2,"1,315"
7,D. McGoldrick,League Cup,,1,0,0,13
6,D. McGoldrick,Championship,,9,0,0,170
6,D. McGoldrick,League One,,12,6,1,"1,041"
6,D. McGoldrick,FA Cup,,2,0,0,180
6,D. McGoldrick,League Cup,,1,1,0,25
5,D. McGoldrick,Championship,,1,0,0,61
5,D. McGoldrick,League Two,,6,0,0,399
4,D. McGoldrick,FA Youth Cup,,1,0,0,120
3,D. McGoldrick,Second Division,,4,0,0,173
21,Fernando,LaLiga,,3,0,0,269 ​​
20,Fernando,LaLiga,,31,3,4,"2,545"
20,Fernando,Champions League,,7,0,1,490
20,Fernando,Copa del Rey,,5,0,0,368
20,Fernando,UEFA Super Cup,,1,0,0,120
19,Fernando,Europe League,,7,0,0,569
19,Fernando,LaLiga,,34,2,3,"2,657"
19,Fernando,Copa del Rey,,1,1,0,90
18,Fernando,Super Lig,,22,2,4,"1,857"
18,Fernando,Türkiye Kupasi,,4,0,0,243
18,Fernando,Europe League,,1,0,0,90
18,Fernando,Champions League,,4,0,0,325
18,Fernando,TFF Süper Kupa,,1,0,0,70
17,Fernando,Super Lig,,25,2,0,"2,104"
17,Fernando,Türkiye Kupasi,,1,0,0,82
16,Fernando,Premier League,,15,0,0,558
16,Fernando,FA Cup,,4,0,0,127
16,Fernando,Champions League,,4,0,0,137
16,Fernando,EFL Cup,,2,0,0,180
16,Fernando,CL qual,,2,0,0,100
15,Fernando,Premier League,,24,2,0,"1,695"
15,Fernando,Champions League,,10,0,2,778
15,Fernando,League Cup,,5,0,0,280
15,Fernando,FA Cup,,3,0,0,258
14,Fernando,Premier League,,25,2,2,"1,880"
14,Fernando,Champions League,,5,0,0,421
14,Fernando,FA Cup,,2,0,0,169
14,Fernando,League Cup,,0,0,0,0
14,Fernando,Community Shield,,1,0,0,90
13,Fernando,League Sagres,,25,0,0,"2,203"
13,Fernando,Allianz Cup,,4,0,0,315
13,Fernando,Taça de Portugal,,4,1,0,360
13,Fernando,Europe League,,5,0,2,440
13,Fernando,Champions League,,6,0,0,540
13,Fernando,Supertaça,,1,0,0,90
12,Fernando,League Sagres,,24,1,1,"1,926"
12,Fernando,Allianz Cup,,5,1,0,324
12,Fernando,Champions League,,6,0,1,454
12,Fernando,Taça de Portugal,,1,0,0,59
12,Fernando,Supertaça,,1,0,0,90
11,Fernando,League Sagres,,22,1,2,"1,783"
11,Fernando,Europe League,,2,0,0,180
11,Fernando,Allianz Cup,,2,0,0,48
11,Fernando,Champions League,,6,0,0,460
11,Fernando,Taça de Portugal,,1,0,0,90
11,Fernando,UEFA Super Cup,,1,0,0,13
10,Fernando,Taça de Portugal,,4,0,0,315
10,Fernando,Europe League,,12,0,0,977
10,Fernando,League Sagres,,21,0,1,"1,591"
10,Fernando,Allianz Cup,,1,1,0,73
10,Fernando,Europa League Quali,,2,1,0,180
10,Fernando,Supertaça,,1,0,0,90
9,Fernando,Taça de Portugal,,6,0,0,504
9,Fernando,League Sagres,,25,0,0,"2,195"
9,Fernando,Allianz Cup,,1,0,0,90
9,Fernando,Champions League,,6,0,0,540
9,Fernando,Supertaça,,1,0,0,90
8,Fernando,Taça de Portugal,,4,0,0,336
8,Fernando,League Sagres,,25,0,0,"2,192"
8,Fernando,Champions League,,10,0,1,810
8,Fernando,Allianz Cup,,2,0,0,180
8,Fernando,Supertaça,,0,0,0,0
7,Fernando,League Bwin,,26,1,0,"2,287"
7,Fernando,Taça de Portugal,,1,0,0,90
7,Fernando,Allianz Cup,,1,0,0,120
21,L. Stevenson,Premiership,,2,0,0,134
21,L. Stevenson,League Cup,,1,0,0,34
21,L. Stevenson,UECL qual,,2,0,0,180
20,L. Stevenson,SFA Cup,,3,0,0,47
20,L. Stevenson,Scottish Premiership championship round,,4,0,0,215
20,L. Stevenson,Premiership,,18,0,1,912
20,L. Stevenson,Betfred Cup,,3,0,0,270
19,L. Stevenson,Premiership,,27,0,0,"2,366"
19,L. Stevenson,SFA Cup,,4,0,0,360
19,L. Stevenson,League Cup,,3,0,0,330
18,L. Stevenson,Scottish Premiership championship round,,5,0,0,450
18,L. Stevenson,Premiership,,29,0,1,"2,464"
18,L. Stevenson,SFA Cup,,2,0,0,180
18,L. Stevenson,League Cup,,2,0,1,210
18,L. Stevenson,Europa League Quali,,6,1,2,538
17,L. Stevenson,Scottish Premiership championship round,,5,0,3,446
17,L. Stevenson,Premiership,,30,1,4,"2,700"
17,L. Stevenson,SFA Cup,,1,0,0,90
17,L. Stevenson,League Cup,,7,0,2,660
16,L. Stevenson,Championship,,34,0,2,"3,025"
16,L. Stevenson,SFA Cup,,5,1,3,450
16,L. Stevenson,Irn-Bru Cup,,0,0,0,0
16,L. Stevenson,League Cup,,1,0,0,90
16,L. Stevenson,Europa League Quali,,2,0,0,210
15,L. Stevenson,SFA Cup,,7,0,3,660
15,L. Stevenson,Premiership playoffs,,4,0,0,360
15,L. Stevenson,Championship,,35,0,4,"3,150"
15,L. Stevenson,League Cup,,6,1,1,540
15,L. Stevenson,Petrofac Tr. Cup,,1,0,0,90
14,L. Stevenson,Premiership playoffs,,2,0,0,160
14,L. Stevenson,Championship,,35,2,4,"3,142"
14,L. Stevenson,SFA Cup,,4,1,1,360
14,L. Stevenson,League Cup,,2,0,3,210
14,L. Stevenson,Petrofac Tr. Cup,,1,0,0,120
13,L. Stevenson,Premiership playoffs,,2,0,0,210
13,L. Stevenson,Premiership,,35,1,2,"2,906"
13,L. Stevenson,SFA Cup,,2,0,0,180
13,L. Stevenson,League Cup,,2,0,0,180
13,L. Stevenson,Europa League Quali,,2,0,0,180
12,L. Stevenson,SFA Cup,,4,0,0,276
12,L. Stevenson,Premiership,,29,0,2,201
11,L. Stevenson,SFA Cup,,4,0,1,360
11,L. Stevenson,Premiership,,29,0,1,"2,356"
11,L. Stevenson,League Cup,,1,0,0,15
10,L. Stevenson,Premiership,,19,1,0,"1,074"
10,L. Stevenson,SFA Cup,,0,0,0,0
10,L. Stevenson,Europa League Quali,,0,0,0,0
9,L. Stevenson,Premiership,,10,0,0,652
9,L. Stevenson,SFA Cup,,2,0,0,116
9,L. Stevenson,League Cup,,1,0,0,22
8,L. Stevenson,Premiership,,29,0,1,"2,298"
8,L. Stevenson,SFA Cup,,1,0,0,90
8,L. Stevenson,UI Cup,,1,0,0,6
7,L. Stevenson,Premiership,,21,0,1,"1,506"
6,L. Stevenson,Premiership,,11,0,0,741
6,L. Stevenson,UI Cup,,1,0,0,20
5,L. Stevenson,Premiership,,0,0,0,0
21,A. Aldrete,Liga MX Apertura,,0,0,0,0
20,A. Aldrete,Liguilla Clausura,,5,0,0,304
20,A. Aldrete,CONCACAF CL,,4,0,1,236
20,A. Aldrete,Liga MX Clausura,,10,1,1,547
20,A. Aldrete,Liguilla Apertura,,3,0,0,200
20,A. Aldrete,Liga MX Apertura,,17,0,1,"1,518"
19,A. Aldrete,CONCACAF CL,,1,0,0,39
19,A. Aldrete,Liga MX Clausura,,9,2,1,810
19,A. Aldrete,Liga MX Apertura,,15,0,3,"1,266"
19,A. Aldrete,Leagues Cup,,2,0,0,180
19,A. Aldrete,Supercopa MX,,1,0,1,90
18,A. Aldrete,Liguilla Clausura,,2,0,0,175
18,A. Aldrete,Liga MX Clausura,,16,0,1,"1,356"
18,A. Aldrete,Copa MX Clausura,,3,0,0,236
18,A. Aldrete,Liguilla Apertura,,6,0,1,531
18,A. Aldrete,Liga MX Apertura,,16,1,3,"1,413"
18,A. Aldrete,Copa MX Apertura,,4,1,0,360
17,A. Aldrete,Liga MX Clausura,,16,1,4,"1,417"
17,A. Aldrete,Copa MX Clausura,,3,0,0,270
17,A. Aldrete,Liguilla Apertura,,0,0,0,0
17,A. Aldrete,Liga MX Apertura,,14,1,1,"1,121"
17,A. Aldrete,Copa MX Apertura,,4,0,0,278
16,A. Aldrete,Liga MX Clausura,,15,1,1,"1,146"
16,A. Aldrete,Copa MX Clausura,,2,0,0,180
16,A. Aldrete,Liga MX Apertura,,13,1,2,964
16,A. Aldrete,Copa MX Apertura,,3,1,0,270
15,A. Aldrete,Liguilla Clausura,,0,0,0,0
15,A. Aldrete,Liga MX Clausura,,7,0,0,381
15,A. Aldrete,CONCACAF CL,,3,0,0,197
15,A. Aldrete,Liga MX Apertura,,12,0,0,977
15,A. Aldrete,Campeón de Campeones,,1,0,0,90
14,A. Aldrete,Liguilla Clausura,,6,0,1,540
14,A. Aldrete,Liga MX Clausura,,15,1,0,"1,320"
14,A. Aldrete,Copa MX Clausura,,4,0,0,360
14,A. Aldrete,Liga MX Apertura,,14,0,0,"1,192"
14,A. Aldrete,Copa MX Apertura,,6,0,0,540
13,A. Aldrete,Liguilla Clausura,,2,0,0,103
13,A. Aldrete,Liga MX Clausura,,14,0,0,763
13,A. Aldrete,Liguilla Apertura,,5,0,0,215
13,A. Aldrete,Liga MX Apertura,,10,0,0,598
13,A. Aldrete,CONCACAF CL,,3,0,0,270
12,A. Aldrete,Liguilla Clausura,,5,0,0,254
12,A. Aldrete,Liga MX Clausura,,10,0,0,850
12,A. Aldrete,Copa MX Clausura,,4,0,0,360
12,A. Aldrete,Liguilla Apertura,,2,0,0,180
12,A. Aldrete,Liga MX Apertura,,17,0,1,"1,512"
12,A. Aldrete,Copa MX Apertura,,2,0,0,180
11,A. Aldrete,Liguilla Clausura,,2,0,0,101
11,A. Aldrete,Primera Clausura,,16,0,0,"1,343"
11,A. Aldrete,CONCACAF CL,,6,1,0,486
11,A. Aldrete,Liguilla Apertura,,4,0,0,303
11,A. Aldrete,Primera Apertura,,11,0,0,959
10,A. Aldrete,Liguilla Clausura,,6,0,0,540
10,A. Aldrete,Primera Clausura,,16,2,1,"1,395"
10,A. Aldrete,Primera Apertura,,16,1,1,"1,440"
10,A. Aldrete,North American Super League,,4,0,1,360
9,A. Aldrete,Liguilla Clausura,,1,0,0,90
10,A. Aldrete,Libertadores,,2,0,0,96
9,A. Aldrete,Primera Clausura,,7,1,0,570
9,A. Aldrete,Liguilla Apertura,,4,0,0,347
9,A. Aldrete,Primera Apertura,,17,0,1,1207
8,A. Aldrete,Primera Clausura,,16,0,1,"1,219"
8,A. Aldrete,InterLiga,,4,0,0,390
8,A. Aldrete,Primera Apertura,,8,0,0,198
7,A. Aldrete,Primera Clausura,,17,0,0,"1,376"
7,A. Aldrete,InterLiga,,3,0,0,188
7,A. Aldrete,Liguilla Apertura,,2,0,0,180
7,A. Aldrete,Primera Apertura,,15,0,3,"1,248"
7,A. Aldrete,North American Super League,,3,0,1,156
6,A. Aldrete,Primera Clausura,,11,0,1,925
6,A. Aldrete,Primera Apertura,,12,0,2,"1,042"
21,Víctor Díaz,LaLiga,,2,0,0,67
20,Víctor Díaz,LaLiga,,17,0,3,820
20,Víctor Díaz,Europe League,,6,0,0,342
20,Víctor Díaz,Copa del Rey,,2,0,0,135
20,Víctor Díaz,Europa League Quali,,3,0,0,270
19,Víctor Díaz,LaLiga,,36,1,6,"2,885"
19,Víctor Díaz,Copa del Rey,,4,0,0,238
18,Víctor Díaz,LaLiga 1 | 2 | 3,,38,2,0,"3,381"
18,Víctor Díaz,Copa del Rey,,1,0,0,44
17,Víctor Díaz,LaLiga 1 | 2 | 3,,38,1,5,"3,410"
17,Víctor Díaz,Copa del Rey,,0,0,0,0
16,Víctor Díaz,LaLiga,,23,1,1,"1,811"
16,Víctor Díaz,Copa del Rey,,2,0,0,180
15,Víctor Díaz,LaLiga2,,39,1,3,"3,344"
15,Víctor Díaz,Copa del Rey,,1,0,0,90
14,Víctor Díaz,LaLiga2,,37,2,2,"3,227"
14,Víctor Díaz,Copa del Rey,,2,0,0,180
13,Víctor Díaz,LaLiga2,,21,2,1,"1,462"
13,Víctor Díaz,Copa del Rey,,2,0,0,210
12,Víctor Díaz,LaLiga2,,30,2,1,"1,544"
12,Víctor Díaz,Copa del Rey,,1,0,0,90
11,Víctor Díaz,2ª B - Group I,,33,1,0,"2,818"
10,Víctor Díaz,2ª B - Group II,,34,2,0,"2,692"
10,Víctor Díaz,Copa del Rey,,2,0,0,240
9,Víctor Díaz,2ª B - Group IV,,28,1,0,"1,872"
8,Víctor Díaz,LaLiga2,,19,0,0,"1,251"
7,Víctor Díaz,League BBVA,,16,0,0,824
21,J. Thomassen,Elite series,,15,2,0,"1,331"
21,J. Thomassen,NM Cup,,1,0,0,90
20,J. Thomassen,Elite series,,24,0,1,"2,100"
19,J. Thomassen,Elite series,,27,1,0,"2,425"
19,J. Thomassen,NM Cup,,3,0,0,270
18,J. Thomassen,Europe League,,6,0,0,506
18,J. Thomassen,Europa League Quali,,7,0,0,630
18,J. Thomassen,Elite series,,27,2,4,"2,385"
18,J. Thomassen,NM Cup,,1,0,0,90
17,J. Thomassen,NM Cup,,6,0,2,525
17,J. Thomassen,Elite series,,26,1,0,"2,259"
16,J. Thomassen,Tippeligaen,,28,1,1,"2,386"
16,J. Thomassen,NM Cup,,1,0,0,90
15,J. Thomassen,Tippeligaen,,5,0,0,450
15,J. Thomassen,NM Cup,,2,0,0,103
14,J. Thomassen,Tippeligaen,,19,1,3,"1,608"
14,J. Thomassen,NM Cup,,4,0,0,273
13,J. Thomassen,Tippeligaen,,11,0,2,693
13,J. Thomassen,NM Cup,,1,0,0,74
12,J. Thomassen,Tippeligaen,,18,0,0,"1,368"
12,J. Thomassen,NM Cup,,3,0,0,271
11,J. Thomassen,Tippeligaen,,27,2,2,"2,366"
11,J. Thomassen,NM Cup,,3,0,1,234
10,J. Thomassen,Relegation to the elite series,,3,0,0,256
10,J. Thomassen,Adeccoligaen,,26,2,1,"2,265"
9,J. Thomassen,Europa League Quali,,2,0,0,180
9,J. Thomassen,Relegation to the elite series,,0,0,0,0
9,J. Thomassen,Tippeligaen,,24,0,4,"1,659"
8,J. Thomassen,Tippeligaen,,14,0,3,896
7,J. Thomassen,Adeccoligaen,,8,2,1,663